PC_1,PC_2,PC_3,PC_4,PC_5,PC_6,PC_7,PC_8,PC_9,PC_10,Samplename
-111.31985,10.895394,2.3567338,4.6969585,-33.60951,-27.759878,64.73666,-10.843397,57.170963,-18.97777,YRI_0indv
-105.39432,12.378721,4.0689964,29.921204,-6.5502462,29.103043,12.648828,16.034908,-15.840618,-8.455025,YRI_1indv
-113.18248,12.724475,5.6440563,-1.7157476,-32.409138,-16.534897,120.937294,1.4046081,15.065301,61.512177,YRI_2indv
-109.349754,11.108794,4.4107485,-18.528732,-13.713076,19.983305,17.549341,25.518953,-54.409424,12.238221,YRI_3indv
-114.60705,11.027748,6.0387354,28.110897,-53.515285,80.98213,59.66312,-52.80157,12.567535,-84.05625,YRI_4indv
-103.21303,8.740298,2.8161936,-2.3744805,-41.715515,-10.837798,-11.699099,-10.809982,-7.5845256,-21.808979,YRI_5indv
-112.2888,13.046312,4.509524,25.87622,-12.4957285,13.157267,-40.563347,18.423561,-74.36435,37.529736,YRI_6indv
-114.35512,10.779291,5.0171204,32.7668,-1.376223,13.422152,-17.299763,-38.062584,44.011993,68.165016,YRI_7indv
-114.16035,11.25088,3.7945564,12.621878,-73.64192,17.929697,25.302542,-22.006178,11.743018,37.462242,YRI_8indv
-111.31074,9.832969,2.460364,6.512952,-38.53666,115.50387,-155.68378,107.68497,-25.195086,-6.149119,YRI_9indv
-112.00957,10.531296,2.7934554,15.160421,-9.369744,-7.245663,-29.89875,-9.101869,38.24256,8.491713,YRI_10indv
-108.78323,9.7008295,4.000971,5.299237,20.75117,1.3470877,31.767057,-20.68335,51.783447,17.80567,YRI_11indv
-114.19808,11.054061,5.481543,13.312691,15.057009,-39.833576,-19.938686,14.545291,10.833484,-16.92817,YRI_12indv
-112.11317,10.367797,5.369136,-31.548117,-57.840637,-90.27977,-3.6371791,14.517072,12.133089,-41.047043,YRI_13indv
-109.26998,11.501801,2.6592712,-21.982048,-31.86326,-23.230923,-13.47092,38.694244,23.563227,34.111046,YRI_14indv
-115.26557,11.101532,3.5950704,7.7639256,-8.953041,19.639023,-48.217655,22.071224,18.230476,11.698884,YRI_15indv
-111.37502,10.335065,4.6385407,-7.999757,227.01494,-24.011372,9.275674,-72.44733,-60.241516,17.388147,YRI_16indv
-105.68297,11.591871,4.5460815,6.836014,-11.320026,16.82846,-4.2071433,-27.699423,32.269867,33.330555,YRI_17indv
-105.2585,8.13882,0.015138042,-19.169653,20.850208,9.6862,-13.725868,25.21107,-12.701365,59.14593,YRI_18indv
-112.542854,10.68688,4.442024,12.29342,-91.908585,66.11615,-136.14835,111.081276,-53.39712,23.592567,YRI_19indv
-111.0975,10.637402,3.5959435,20.156126,61.291203,-56.630314,23.665152,-34.787094,3.5723433,114.15155,YRI_20indv
-108.94237,9.087022,3.0776634,11.122688,53.947556,-31.75852,1.6101592,4.4969406,11.714787,-11.683767,YRI_21indv
-107.29944,7.5601254,1.9808612,25.189335,-2.117529,-31.621586,-6.5587645,-13.721387,17.01876,9.886594,YRI_22indv
-108.707726,11.474562,2.7261772,4.537123,5.756859,19.041712,-50.823624,-0.47963664,8.871545,19.478977,YRI_23indv
-110.75082,10.979189,2.599791,0.62582237,11.110245,-33.401665,-25.443405,-90.60201,78.5249,28.689526,YRI_24indv
-111.3585,12.76634,4.5493155,17.216665,13.52928,166.98055,34.898075,-43.63981,-210.35884,-58.490067,YRI_25indv
-108.236496,11.0198965,2.221144,33.746235,40.437553,56.341835,33.110397,-9.940907,-37.477345,-8.2431345,YRI_26indv
-109.92545,10.495073,5.820127,1.6756036,-30.868467,9.556493,-36.133022,12.842699,-19.608017,-18.709497,YRI_27indv
-111.24271,10.622056,3.7706285,-1.4856142,39.45777,-10.357406,-52.303207,-14.6748905,32.894756,-67.672806,YRI_28indv
-109.74673,11.527955,4.503148,1.92621,-26.89994,91.9252,28.181345,-0.80948776,-82.51622,-8.396415,YRI_29indv
-107.87344,9.911141,3.140474,8.584728,-37.383472,-8.732403,2.449782,5.2345386,43.52783,33.33275,YRI_30indv
-109.15972,9.854198,2.838075,-17.068525,-59.9959,6.806509,21.501593,-51.02348,45.37944,45.52772,YRI_31indv
-105.442055,9.137892,1.3610784,12.084317,-22.968935,-95.1887,49.712326,29.531557,-43.67242,-38.784664,YRI_32indv
-110.86892,10.258184,4.7707877,23.684782,-31.634949,-22.867104,14.778955,1.6560206,-0.16574368,68.79218,YRI_33indv
-112.08404,10.841634,3.787029,1.4477977,-26.628225,-32.508293,34.993385,-63.272278,-50.523876,9.678892,YRI_34indv
-113.11867,9.726284,4.6951237,2.8762538,34.91733,-21.82317,6.813804,41.44212,-19.085838,14.091543,YRI_35indv
-109.14328,9.517863,2.391926,27.02696,55.364983,-38.377495,-52.99198,-56.470177,32.61914,-50.354607,YRI_36indv
-111.90613,10.0135,4.263882,40.0194,56.60059,40.050114,-54.72676,65.16313,-35.23228,-129.07568,YRI_37indv
-113.69967,12.999503,4.0132895,-28.592398,14.135763,-1.7608111,74.00582,35.540733,9.019612,-83.17293,YRI_38indv
-112.55173,9.030486,3.6666799,-11.413149,-5.0479116,-27.393103,13.776161,-1.2623519,-33.24328,-60.707607,YRI_39indv
-107.5361,11.441304,3.9396615,10.212669,-51.086727,-38.89049,-15.410669,-91.908455,90.83629,-28.425568,YRI_40indv
-112.84395,9.498762,6.087265,5.0184093,-19.261438,-30.62704,-55.061554,58.162613,76.78299,25.711256,YRI_41indv
-103.12893,9.287898,3.0809808,4.1403985,-51.22161,-24.165764,-43.770218,-31.585546,68.516655,-32.83993,YRI_42indv
-115.99163,12.913167,6.7198176,-7.215923,113.36771,-6.6541333,-26.302711,-22.644215,10.776644,85.975,YRI_43indv
-110.807274,11.266856,4.707986,21.246107,9.992356,17.841017,26.385885,75.87069,76.44842,-1.2987404,YRI_44indv
-113.05549,11.105235,4.2693276,11.958046,29.376453,-2.34314,14.733105,-42.360687,86.99558,86.55262,YRI_45indv
-110.61258,13.305932,4.243825,24.682062,25.345613,-10.757517,-25.993355,35.84786,-40.206684,-63.805454,YRI_46indv
-111.36874,12.200341,4.4244623,-424.69534,-11.875791,23.179747,5.6456437,-35.311344,-10.54561,-4.4729867,YRI_47indv
-111.86189,11.767732,5.122424,-392.3094,4.697039,21.354013,-4.670917,-14.335697,3.7592857,-11.14212,YRI_48indv
-110.64115,10.13851,4.923284,18.751703,39.752563,11.438905,-67.13275,8.113619,48.584785,51.427166,YRI_49indv
-108.80667,13.488805,2.932441,26.178762,-7.6255317,48.5523,20.060282,-13.688832,13.027526,36.7347,YRI_50indv
-111.29958,14.2384615,6.682329,21.703455,8.613006,12.597858,2.460226,-6.416475,13.499819,40.16698,YRI_51indv
-110.20388,8.814905,5.1666937,-2.852253,-23.158758,-24.432959,0.28518698,-18.346537,18.479572,15.480718,YRI_52indv
-110.49241,11.790297,2.6174972,22.298271,45.769085,-36.154964,28.441744,15.267392,33.45817,53.622295,YRI_53indv
-111.58045,11.100615,4.28558,4.6216497,-34.55276,-33.451176,1.7880423,-109.8754,-104.99388,47.157623,YRI_54indv
-108.98634,9.193433,3.3942716,20.42931,-63.56914,1.4907722,67.29504,-31.402878,-35.22803,76.470825,YRI_55indv
-110.579834,9.883167,3.8965948,14.574193,-29.19946,32.320515,60.015087,-4.236397,28.526173,-49.01451,YRI_56indv
-109.98806,11.539143,3.732307,28.055618,-3.4429383,63.165546,3.7903917,-11.423357,-12.327001,-4.6629877,YRI_57indv
-107.33257,9.451064,3.5485635,-6.203656,-45.918674,-11.43532,42.62241,-9.596333,3.0400882,-7.472908,YRI_58indv
-114.18845,9.955427,4.25375,35.5582,11.660557,-34.74759,-148.1079,-210.05653,85.76874,-233.79753,YRI_59indv
-115.49369,10.551337,4.570219,-6.8616185,307.69537,-29.000069,-9.91721,10.791037,-73.259796,-7.644934,YRI_60indv
-99.83142,6.810054,0.6030714,4.876763,-25.541098,17.351147,-43.36441,-86.77967,-61.63996,32.264797,YRI_61indv
-113.20206,11.210318,5.234864,-15.345505,-9.942493,37.668293,-4.682039,-11.282297,10.909676,48.10948,YRI_62indv
-111.09598,9.505098,3.1633089,-1.4863652,5.4164486,4.698135,-3.758776,2.1177673,17.559437,-21.843618,YRI_63indv
-98.86323,4.52992,1.003543,27.684748,23.00303,38.08887,-5.9127517,-38.051582,-56.864796,-3.3333268,YRI_64indv
-113.03638,11.07089,4.342792,17.270924,4.6980085,10.519121,-12.5145,11.541205,60.93364,1.3946514,YRI_65indv
-108.64094,12.037925,4.3484163,-3.4318798,14.353249,6.9131536,32.5008,33.292133,96.16709,-54.105465,YRI_66indv
-114.745514,13.744035,3.9763691,15.547781,10.057484,-67.606026,-112.08711,120.41749,15.2279825,72.61525,YRI_67indv
-109.000854,12.17295,5.2068257,8.502818,-4.124889,-30.201273,-115.0012,-132.27673,54.082047,-107.412796,YRI_68indv
-112.919266,10.383021,2.345851,12.396651,-5.5337043,40.781265,-34.777916,-73.09104,-71.58148,-15.925237,YRI_69indv
-113.6215,11.429231,5.3849907,5.262413,-114.82587,-193.17213,-9.970696,26.423893,-134.8085,-31.49678,YRI_70indv
-115.47479,10.089073,4.5224204,-18.557074,63.475018,-44.91763,108.65885,184.39911,65.37052,-103.69503,YRI_71indv
-113.50836,12.796529,5.765039,19.507807,40.67631,-1.0166496,-62.827908,4.621567,45.528084,38.27336,YRI_72indv
-113.42417,9.721875,4.5095983,12.995527,14.185303,-34.210007,-38.232693,-2.0543015,-12.01281,-38.646343,YRI_73indv
-107.4415,10.2643385,4.7982693,16.074226,-46.445366,11.778243,0.59469,18.259026,-5.3364844,29.801418,YRI_74indv
-113.60378,10.748491,5.2323236,-1.786195,-1.0047448,6.0393972,8.465713,29.795122,42.035133,79.458824,YRI_75indv
-114.95235,10.582551,4.120824,11.550815,42.575672,-33.400455,9.03925,26.35454,75.69959,56.58174,YRI_76indv
-112.821686,12.582165,3.9294167,-2.2484753,-15.381822,-6.7366276,-51.653236,-41.614742,4.717973,29.139202,YRI_77indv
-107.121056,8.245331,3.1427598,-21.404202,50.266144,-33.569115,109.88957,170.59888,45.08858,-106.87811,YRI_78indv
-113.674736,12.426966,5.1242795,9.179233,-48.13258,-150.93887,33.899628,11.128295,-111.589,-20.443491,YRI_79indv
-113.38135,10.320731,4.051063,-18.4094,-0.21467577,-23.05759,-120.87413,72.984634,-19.369825,41.655807,YRI_80indv
-106.82278,11.102172,5.032706,16.686075,24.80348,-9.745426,44.135906,-17.623251,-37.038044,34.26139,YRI_81indv
-109.43882,9.537866,2.9517546,26.818075,20.280241,-22.610859,-60.867813,50.873722,32.482365,-36.97417,YRI_82indv
-113.55234,11.816542,3.9566443,16.561382,66.75896,7.7073402,21.120014,-13.214837,37.202896,-7.1955276,YRI_83indv
-114.9767,11.417081,2.5567045,30.514088,2.8695402,125.42019,61.240078,-53.16533,-89.10429,-63.68781,YRI_84indv
-108.46174,7.610198,4.2063727,-6.2915025,-7.1289845,-15.032932,-58.367653,-2.5800443,-14.904276,0.41110164,YRI_85indv
-114.233376,11.048576,4.8886075,21.896301,-3.2411788,-1.9839848,9.407299,-24.612394,9.921618,118.76416,YRI_86indv
-110.64095,8.236636,3.6483915,13.291045,-12.812161,29.718891,29.538343,-12.631962,-32.780674,26.577078,YRI_87indv
-112.720184,9.795262,5.301114,27.128517,-90.05555,74.05795,45.106358,96.94392,12.017942,-29.435358,YRI_88indv
-110.95963,12.200682,4.564884,-7.030235,-78.8713,114.264854,-176.54895,123.03694,-42.901157,12.303837,YRI_89indv
-112.121826,9.088488,3.4640498,-14.740151,-33.18541,45.619587,26.830198,34.947445,19.410034,-17.667553,YRI_90indv
-116.31144,11.52636,4.718961,24.730305,-3.982128,55.267345,11.16659,15.770608,-40.76732,35.77843,YRI_91indv
-108.317566,10.919973,2.3197799,6.8116884,10.404101,5.4542413,61.89252,12.949002,10.977715,26.799814,YRI_92indv
-111.10675,10.092198,4.694239,46.544193,-83.20219,68.8012,147.41792,-75.40064,84.133446,-44.59297,YRI_93indv
-109.080124,9.390443,3.9751937,12.192598,17.992453,78.63261,54.24296,11.858957,-76.13318,-42.40233,YRI_94indv
-115.9214,10.61869,4.9854226,17.052015,-79.7363,24.227945,33.3964,0.122721694,-15.72167,88.32296,YRI_95indv
-109.577774,9.368101,3.9141686,6.525814,70.85645,-62.61161,56.98076,-25.378057,3.8682208,111.05688,YRI_96indv
-111.922646,9.472458,4.4385757,24.1508,162.86855,28.169802,18.100828,43.227383,-90.017136,-46.96416,YRI_97indv
-112.45693,10.777292,4.3032365,0.22309357,-24.644915,-24.357208,72.60741,42.722958,60.661404,-45.042213,YRI_98indv
-114.33917,9.876894,3.725499,10.662698,4.033247,22.908699,-2.7796636,-15.465517,59.911846,-28.100853,YRI_99indv
-108.415924,8.784727,4.0068374,-8.608185,-6.5062547,2.2481852,-20.800283,4.692049,18.519926,12.960429,YRI_100indv
-108.8189,11.889387,4.280346,9.593884,-14.072173,15.289914,-49.941544,-30.175325,24.243233,-8.753932,YRI_101indv
-114.4471,9.098976,2.9972677,14.344509,-100.90942,-274.42953,12.621877,9.778412,-175.00948,-56.747974,YRI_102indv
-110.7984,11.987237,5.6924253,32.96347,-42.91626,84.19749,116.219666,-58.544537,-7.242426,-26.83599,YRI_103indv
-109.67612,11.196017,5.2680564,11.624706,31.921682,-17.913536,13.931613,-2.233843,-46.062973,23.752657,YRI_104indv
-112.3414,11.769875,2.957488,-80.62308,-12.682889,15.176111,-5.312541,-21.98024,-23.678707,6.561393,YRI_105indv
-114.45519,11.651926,3.8976142,-17.727606,26.146189,14.579507,30.520063,-3.1320555,-14.173673,15.69077,YRI_106indv
-110.72718,10.893629,5.4486995,5.200038,-13.315537,-1.6323392,32.400482,72.12167,74.96416,-98.85691,YRI_107indv
18.493668,-41.606632,-35.050983,0.68151057,0.7114634,-0.5474523,0.067250125,0.16229047,0.0042417473,0.885741,IBS_108indv
18.43691,-44.101124,-36.181206,-1.8017874,-1.8528148,2.0679083,-0.7650607,-0.37033615,-0.36635906,-0.03725481,IBS_109indv
18.43596,-41.626915,-30.460571,-1.1943272,1.5852442,-0.33287245,1.258081,0.5802803,0.17624053,0.8534064,IBS_110indv
16.221155,-40.19299,-31.1017,-0.143919,-0.35687953,0.9829522,0.07327535,0.24809515,-0.70081013,-0.6521203,IBS_111indv
17.937817,-40.211002,-32.853485,0.2846815,0.16199148,-0.4410925,0.8195063,2.948193,0.32996154,-1.7772605,IBS_112indv
16.424643,-39.70986,-33.215267,0.31668267,-0.38135752,2.0518768,-3.869303,1.5776895,-2.3110626,0.3534622,IBS_113indv
19.405752,-44.994495,-34.780285,0.5876642,0.36579078,-0.17217171,-0.6358172,0.59892565,-1.003138,-0.6981199,IBS_114indv
17.539587,-42.823986,-32.855915,-0.50831735,1.6660464,0.44951326,-1.4508811,-1.0346507,-0.41880688,-0.27580774,IBS_115indv
17.888424,-41.48267,-34.090668,0.053133722,0.3592856,0.19850884,-1.982692,0.59532124,-0.6953139,-1.1513373,IBS_116indv
18.009624,-43.08262,-31.667847,-1.28025,0.06509345,1.3207711,0.32003877,1.3988155,0.3884905,-0.15750684,IBS_117indv
19.41077,-43.011677,-32.15226,-0.84225243,0.9981544,1.7815809,-0.78213084,-0.67924315,-2.7047193,-1.8579662,IBS_118indv
18.78891,-41.82476,-31.572453,0.26634336,-0.18941769,0.80163264,-0.31600058,1.2780132,-0.3466099,-0.4129864,IBS_119indv
16.086708,-38.79978,-30.180637,-2.2953024,-2.313444,-0.97481436,1.8640339,0.0507015,-0.628265,2.278487,IBS_120indv
19.949213,-41.08503,-31.144524,-0.17150177,-0.2602124,-0.28186494,1.2028303,-1.1991287,-0.17921382,-0.4434561,IBS_121indv
18.496027,-44.333626,-32.63918,0.015617941,1.3161347,1.7620803,1.5087677,1.0267045,0.30002,-1.7282947,IBS_122indv
17.503077,-43.77567,-32.286148,-0.23229925,1.2557678,1.0656706,-0.36377797,0.118018076,-0.35056716,0.57221365,IBS_123indv
18.949705,-44.306286,-33.204433,0.7707879,0.6112438,0.023653556,-0.63280517,-1.2992071,0.90278345,1.4801077,IBS_124indv
16.862236,-42.812534,-33.619217,-0.17693636,-0.542587,-0.67968583,-0.33353814,-1.9371413,-0.6929868,1.674841,IBS_125indv
20.16236,-42.77328,-31.330603,-0.09253794,-0.370329,-0.09632038,1.6185755,0.20857775,1.4320165,-1.1857878,IBS_126indv
18.266125,-42.439335,-32.47691,-0.37474358,0.61154467,0.52877027,-0.7610057,-0.46849424,0.39995816,-0.29752812,IBS_127indv
11.67381,-39.73783,-30.376934,0.07159649,-1.9940392,-2.2825072,1.3316231,1.042673,0.6085692,0.25290027,IBS_128indv
17.275188,-41.477016,-31.769482,-0.16018304,-0.7742454,1.9951875,0.76508814,0.23849727,-1.4060744,-1.4547513,IBS_129indv
15.258321,-43.783024,-34.356342,0.31414476,1.9640524,-1.5174,-0.71052635,-0.9135393,-4.543616,1.6936014,IBS_130indv
15.0468,-45.004555,-34.170193,-0.81632644,2.9010773,-0.3193171,0.56632847,-1.7830917,-0.4929122,0.15358086,IBS_131indv
18.132393,-40.287354,-33.163548,-1.0980626,0.27317715,-0.17697221,0.0010933152,1.273482,-1.8065854,-0.5365535,IBS_132indv
19.725273,-32.132404,-36.139362,-0.45442212,0.113090195,1.0793675,-0.60926163,1.1425366,-0.62008137,-1.0938264,IBS_133indv
17.137453,-41.779446,-32.04318,-2.0440774,-0.17543384,-0.43610445,-0.44475836,-0.9410793,-0.65824515,1.4000623,IBS_134indv
16.723957,-45.04268,-35.633934,-0.6686498,0.8447322,0.62098384,-0.2893015,-1.035935,-0.91526955,-1.121929,IBS_135indv
17.565374,-42.490623,-33.882973,-0.5318509,-0.92818433,0.82097256,-1.5529935,0.827126,-1.5080625,-0.2995949,IBS_136indv
15.689198,-39.568665,-35.520657,0.38451847,-2.1401942,-2.2130916,6.4644003,2.9690466,7.3045106,-0.41769406,IBS_137indv
19.08893,-38.287178,-32.391888,-0.7268279,-0.26577392,1.0368803,1.0392268,0.22460587,0.5867348,-0.027946906,IBS_138indv
20.050516,-33.745228,-36.826004,-0.14071399,1.5477984,-1.088482,-1.209489,-1.4678441,-0.6052098,-0.5307577,IBS_139indv
17.531515,-39.94506,-32.82854,0.47091395,1.0234325,-0.32698983,-2.8460133,-1.1151227,0.601058,-2.4840071,IBS_140indv
19.138376,-45.267467,-33.770218,-0.982066,-0.539993,1.0540661,2.0093668,-1.309185,-1.0686169,0.48265994,IBS_141indv
16.906275,-43.66391,-34.259487,0.72938895,1.2169498,-0.27586672,-0.65974826,0.50385916,-2.36108,-2.2785115,IBS_142indv
17.173567,-42.848892,-31.473879,0.81473327,0.5190092,0.45116436,-1.4113096,-0.89089257,-0.6546994,-0.45411336,IBS_143indv
19.487719,-40.19185,-30.521893,0.642821,-0.41812986,0.7044337,-0.15432943,0.4753984,0.28413525,-0.14198841,IBS_144indv
19.93946,-39.040817,-31.603918,0.32916874,-0.54721576,1.2249385,-0.97492594,-1.6808517,0.18167073,1.0969031,IBS_145indv
17.71377,-45.78196,-34.670128,1.983588,-0.5553383,-1.1636636,0.54561067,-0.7838625,0.6819838,0.48223403,IBS_146indv
19.318016,-39.866264,-33.112766,0.37235638,0.6347595,0.17587955,1.0828366,2.4367392,1.3900312,-0.1588066,IBS_147indv
18.483313,-43.77927,-33.263313,-0.23087086,-0.8146466,0.7642826,0.8085455,0.724248,-0.96923137,-0.1307118,IBS_148indv
19.877657,-42.744793,-33.168015,0.30910328,0.021842936,0.37814626,-0.44340023,0.22139618,-2.1838884,1.2169396,IBS_149indv
18.49645,-42.066994,-31.171011,-0.57251775,0.50533664,-0.63111037,-0.73992497,0.29753298,-0.6089507,0.8517185,IBS_150indv
16.401363,-41.65774,-33.09415,0.1680719,0.16910034,1.90672,-1.9170333,0.88483614,0.38484475,-0.12696537,IBS_151indv
18.250114,-42.144043,-32.55521,0.35964957,-0.5257884,0.3289647,2.2973926,-1.0210854,-0.9242977,-1.2324839,IBS_152indv
16.070683,-41.73858,-34.553898,-0.16047676,1.7104411,-0.54902285,-0.7010015,-3.6263914,-0.15960737,-0.37966716,IBS_153indv
19.465614,-40.488262,-34.334347,-0.7343892,-0.16785882,0.9139952,0.50708795,0.39763242,-0.28525835,-0.4591107,IBS_154indv
17.491825,-44.616035,-32.762768,0.14737438,-0.8697858,-0.7722457,1.6759698,1.5733224,-0.8758142,-0.30619907,IBS_155indv
14.084945,-40.236794,-29.215143,-0.84395456,-1.3014314,-0.34499386,2.3000958,1.9157612,2.6437836,-1.1967541,IBS_156indv
17.120396,-40.50334,-32.317593,-0.9833984,-1.4064298,0.40932173,1.7605904,-1.549051,1.263773,2.3121996,IBS_157indv
16.86689,-43.391148,-30.83956,-0.7453243,-0.83929527,1.7262524,0.4503502,0.6231293,0.21848707,0.3791741,IBS_158indv
16.2426,-42.034332,-29.02575,0.30527943,0.4255913,0.923942,1.4716579,-0.7771456,1.4917178,-0.8230673,IBS_159indv
19.182901,-42.372562,-31.481174,-0.7419414,0.8787981,1.1526649,-0.46604264,-0.8733372,0.7055177,-2.2468064,IBS_160indv
19.794426,-37.047176,-30.545238,0.57667404,-0.68821776,-0.5011444,-0.37456384,-1.615344,-0.10019589,1.2967794,IBS_161indv
17.483837,-38.869106,-29.718382,-0.12381334,0.36017683,0.62507004,0.39891398,2.2575998,0.3148636,-0.09617905,IBS_162indv
18.218502,-42.675564,-34.069817,0.11795844,0.18814223,1.6822519,-0.04091123,-1.363406,0.11085683,-0.8562226,IBS_163indv
16.882399,-41.46929,-31.655212,-0.85878354,0.48068592,-0.0698531,2.7845457,0.88616174,1.6996527,0.088205636,IBS_164indv
18.21152,-42.425797,-31.892,-0.14985593,1.5853634,-1.4884285,-1.8230863,-1.2171096,-1.2656692,1.7915672,IBS_165indv
17.361769,-40.896687,-32.76915,0.69442004,0.44379103,0.730172,0.39163768,0.02975117,1.4761603,0.62382454,IBS_166indv
18.856567,-41.28008,-33.075764,0.21677557,-0.6012131,-0.71415865,0.16547069,1.2230785,-1.0348359,-0.023439666,IBS_167indv
16.986164,-43.63879,-32.39354,-0.5355766,0.27429122,0.56327814,1.014061,-0.4085702,-1.7525727,-0.052095227,IBS_168indv
12.416575,-40.824566,-29.71541,-0.07918578,-0.5936699,0.8978158,0.551652,0.8554587,-0.0634592,-0.49989095,IBS_169indv
15.49278,-36.577305,-31.888393,-0.3799735,1.6856279,1.3380208,-0.48952103,-0.06049083,0.39723134,2.2473824,IBS_170indv
17.742504,-38.432423,-32.154144,-0.18796954,0.04227157,0.10152691,0.56229204,0.1193406,-0.7580533,0.3217055,IBS_171indv
16.934309,-42.244026,-34.491623,-1.018292,0.9849799,0.49475944,-0.71137136,-0.93278754,1.3429264,0.8865446,IBS_172indv
18.06771,-38.377975,-30.232256,-0.22267182,0.586052,0.1874907,0.29916242,-1.1208634,0.07907249,0.5185302,IBS_173indv
18.017876,-42.750443,-35.32293,-1.0454051,-0.61040354,0.487665,-1.9466485,-0.40461355,-0.8596542,0.5922835,IBS_174indv
18.811735,-41.752575,-31.217102,-0.44186974,-0.31186503,0.7532403,-0.11728173,0.27661416,-0.22376747,0.8076662,IBS_175indv
18.527506,-35.732914,-31.580938,0.1044449,1.0077873,-0.78486216,1.1016015,0.5931963,0.06576832,-0.222617,IBS_176indv
17.0163,-38.434826,-31.600979,0.7118882,-0.67496073,0.57359433,0.95893013,1.8533012,-0.04137672,-0.28837585,IBS_177indv
12.668874,-41.563717,-31.74883,0.1327835,-1.5515286,2.7984636,0.45149806,0.6550137,-2.308848,-0.7965737,IBS_178indv
15.95255,-36.764153,-28.782135,-0.59779817,0.77149343,-0.46799085,0.093457624,1.7847357,-0.6494419,1.734288,IBS_179indv
18.680784,-40.403423,-31.314697,-0.7423047,1.1816187,1.5781796,0.6057927,0.22968836,1.0534286,0.4091572,IBS_180indv
18.834875,-44.213886,-31.36798,-0.8331512,0.15916465,-0.6460911,0.7827878,-0.9259155,-1.3297175,-0.23970957,IBS_181indv
18.010353,-39.795795,-30.728107,0.3719328,0.2307176,0.15209737,0.5658651,0.7491302,0.054329343,0.16456698,IBS_182indv
17.845978,-38.264687,-31.072987,0.51335263,-2.2567225,0.9714395,-1.2972307,0.30726898,0.2106669,-0.35354054,IBS_183indv
17.935843,-43.339897,-33.20311,0.21903184,-0.14241104,0.75724745,-0.21556905,0.4068668,0.9296393,-1.0122647,IBS_184indv
17.001234,-40.33112,-30.616282,1.0827613,0.62953705,-0.059700787,-2.146367,-0.587563,-0.32726562,-1.5965375,IBS_185indv
18.750532,-41.247864,-33.605007,0.16129829,0.271581,0.7051076,1.0540841,1.0747225,-1.1185232,0.29154682,IBS_186indv
18.884375,-35.963425,-31.019848,-0.6160652,0.9612736,0.6494652,-0.21294597,0.6614716,1.014388,-0.6966866,IBS_187indv
17.661646,-43.618786,-32.05578,-0.659123,0.80028987,-0.53872967,-0.27615702,-0.25473052,0.18161118,-1.1942725,IBS_188indv
14.938314,-40.122845,-32.48513,0.17793958,-0.8369063,0.23576358,0.37289795,-0.38832617,-2.4154308,2.0915697,IBS_189indv
19.3683,-43.1656,-32.700764,-0.06412362,-0.1744533,1.317602,1.4267613,-0.27940938,-0.86834615,1.2492477,IBS_190indv
18.323118,-42.523674,-34.690422,0.28145614,0.43465653,0.41702414,0.067113094,0.8522467,0.20328563,-2.6325533,IBS_191indv
17.078407,-42.93167,-31.33777,1.0187325,-2.929577,0.5578345,0.4564267,-5.064972,-1.6510779,2.865152,IBS_192indv
16.370836,-45.26767,-32.737896,0.111843914,1.516289,-0.29574367,3.6182954,2.864392,0.40154177,-2.1198606,IBS_193indv
18.420195,-46.408207,-36.306,0.55220824,-0.54386634,-1.062072,1.6172314,-1.7881836,-0.18704782,0.1473221,IBS_194indv
17.245424,-43.235516,-33.02614,-0.7985448,0.4915072,2.186277,-0.896904,-1.5800697,-0.0052278014,0.86702913,IBS_195indv
17.705761,-45.03595,-35.13785,-0.8068725,-0.22380108,1.6139876,0.2541514,-1.0156106,-1.2898486,0.06957357,IBS_196indv
17.019693,-42.142117,-31.618921,-0.4495234,-0.021580173,-0.6208045,-0.17445022,0.18945234,-0.33044657,1.4068518,IBS_197indv
18.957293,-39.53277,-30.507921,0.021837717,-0.08451264,1.1478263,-1.6649925,-0.49727643,-0.4520491,-2.4407141,IBS_198indv
18.658224,-40.32284,-30.123302,0.016097385,0.31149137,1.4551256,-1.2244492,0.13315727,-0.11018416,0.2580914,IBS_199indv
17.337942,-42.40209,-34.31143,0.163458,-0.9726594,-0.56459665,1.3244189,0.8132451,-2.1778595,-0.012536158,IBS_200indv
18.247644,-42.14933,-35.42176,-0.58017015,0.7333919,-0.20763905,1.4744512,2.200866,-0.31137788,-3.3082368,IBS_201indv
17.974438,-41.36499,-32.307888,-1.7155036,0.16418487,0.2222991,0.51959753,-1.9278994,-0.5337857,2.9584687,IBS_202indv
18.923546,-32.77941,-32.56864,0.22691436,1.2706146,-0.031510532,1.3440722,1.8070979,-0.41988406,1.4778509,IBS_203indv
17.840038,-41.0874,-33.00755,0.9610888,0.19719267,0.14838044,0.25462303,-0.07890679,0.5249392,-1.4392419,IBS_204indv
18.971752,-41.16005,-33.231953,0.4394021,0.6130846,-0.1954048,-1.5858866,-0.33214745,-0.39201248,-0.13269517,IBS_205indv
18.806547,-42.213585,-31.515375,-1.3198862,0.28747654,-0.5018835,0.4156648,0.13912833,-0.478089,0.466193,IBS_206indv
18.036556,-43.384914,-34.29246,-0.12525503,0.24043094,0.6143728,-1.291185,1.0139217,0.38248345,0.5918168,IBS_207indv
18.908163,-48.52344,-35.15648,-1.1500878,0.8494466,-2.2501657,1.7204144,-1.2902025,1.1806285,0.85354716,IBS_208indv
17.703089,-44.508335,-33.699295,1.4298731,1.9084905,0.38205916,-1.7726104,-0.58862084,-1.151407,-5.173444,IBS_209indv
19.371206,-38.316166,-33.139065,-0.56253976,0.686565,0.18570457,-0.06564818,0.2920132,-2.3438134,1.01841,IBS_210indv
18.688963,-42.375458,-31.46684,0.7529279,-0.099488914,0.41780573,0.6306234,-1.0032072,-1.9081734,0.8741954,IBS_211indv
18.67174,-42.582767,-33.682976,0.17839679,-0.079376325,0.6536591,1.1853772,-1.9699978,-0.88751465,-1.4879203,IBS_212indv
18.246737,-40.32759,-32.167927,-0.019485544,0.70300484,-0.077564664,-1.5929402,-0.17818484,0.6838191,-2.761523,IBS_213indv
18.824444,-42.433563,-32.71227,0.14856353,0.74609137,0.73412126,-0.7418524,0.04566237,-2.1742017,0.63742566,IBS_214indv
31.180649,75.57032,-35.414246,0.08742245,-1.8474716,0.18772088,0.4201568,-0.4840667,0.03139651,0.6936401,CHB_215indv
30.381092,74.389465,-36.50521,-0.062229812,-0.13338925,-0.26453164,-0.8231722,0.40484405,-0.6516457,0.5413441,CHB_216indv
30.545366,76.69361,-37.05051,0.6943098,-0.14048705,-0.30966845,-0.29069567,1.3340129,0.31333494,0.07330073,CHB_217indv
31.010618,79.94807,-41.873127,-0.8836658,-0.20312865,-1.0924995,-0.4723654,0.44925916,-0.53126174,-2.0970278,CHB_218indv
32.60429,82.938934,-37.122375,0.04779584,-0.087257035,-1.0148642,0.5533726,0.34311268,-0.8155472,0.8815649,CHB_219indv
30.738333,79.30236,-35.305573,0.30083716,1.1815957,0.06771309,0.1591886,-0.16650213,-1.1889267,-0.09532469,CHB_220indv
29.898386,75.906204,-36.83363,0.1628994,1.0863068,0.2446855,0.19455042,-0.6456608,1.3278477,-0.17012215,CHB_221indv
32.79112,85.90391,-40.34473,-0.49323538,-1.338556,-0.964762,1.1998322,0.31436467,-0.006422523,0.49015263,CHB_222indv
30.278883,73.66245,-34.84156,0.16285041,-0.06008285,1.081482,1.4534478,-0.20320883,-2.6739335,-0.4653948,CHB_223indv
29.182878,73.448296,-35.312984,-0.2772518,-0.92434186,-0.5048835,-0.4130268,0.9344137,0.6023352,0.18998922,CHB_224indv
29.877485,81.0502,-39.726517,-1.1049603,0.14499655,-0.99631673,0.2740211,0.3225194,0.7772481,0.014108041,CHB_225indv
30.393646,74.88597,-34.632435,1.106286,0.9526431,0.37207514,0.3489317,-0.9473769,0.06413069,0.7398461,CHB_226indv
30.900164,71.91556,-35.051266,-0.06137465,-0.049096886,-0.6515989,-0.024039974,0.16567251,0.0883967,0.4326075,CHB_227indv
30.472342,72.911446,-34.29556,-0.3827427,0.07971468,0.076763354,0.8320941,-0.28245947,-0.48564538,1.0647537,CHB_228indv
29.926811,78.78683,-38.34193,-0.26628637,-0.0019153106,0.19439572,-0.389461,0.3606123,-0.11411454,0.0063909404,CHB_229indv
29.572575,80.64566,-38.154736,0.45107472,-0.22140701,-0.4841087,1.3725582,0.5192523,0.02195723,-0.11745792,CHB_230indv
30.256252,73.455864,-35.468956,0.92950124,1.1356959,-0.43749887,-0.4040824,-1.5902408,0.23770824,0.6876331,CHB_231indv
32.506214,85.85516,-37.96688,-0.4508081,-0.26004878,-2.3355815,0.64635766,-0.20218667,-0.80856293,-1.0728211,CHB_232indv
31.18505,76.61659,-36.85853,-0.014522917,0.021012487,-0.06360819,-0.3181346,0.18952046,0.3931874,0.37147754,CHB_233indv
30.86914,70.68793,-33.508278,0.17263389,-0.5004333,0.38331982,0.6316963,-0.10137877,-0.6755792,0.3052615,CHB_234indv
29.435024,76.82763,-39.010117,-0.4664276,0.6681187,-0.6035703,-0.7073354,-0.38404828,0.0652297,0.44190502,CHB_235indv
31.696035,80.029274,-39.11703,0.31068954,0.06338264,-0.20668857,-0.22657308,0.40375915,-0.2563142,-0.11876569,CHB_236indv
31.942677,80.043945,-39.002293,0.08128822,-0.20246796,-0.487975,1.0192176,0.1273246,-0.6390621,-0.64308,CHB_237indv
29.433346,72.42255,-38.296955,0.55723107,-0.56039494,0.6211069,-1.8702073,0.6813602,0.5606945,0.3184779,CHB_238indv
31.31262,72.71122,-37.00984,-0.266838,0.12793237,-0.41798303,1.2039567,0.038970996,0.6805991,-0.42751074,CHB_239indv
31.086706,80.9078,-37.294147,0.4848596,0.46908894,-0.085844524,1.9068656,-0.28317788,0.32316378,0.5590719,CHB_240indv
29.015179,78.865685,-37.479565,-0.21164247,1.1339186,0.42631096,-0.7941467,-0.17504252,0.49393335,0.064937875,CHB_241indv
30.737988,81.198524,-37.40937,0.03249322,-0.12910372,-0.635075,0.9027266,0.8473763,0.77929926,-0.30269843,CHB_242indv
31.474434,77.38272,-40.24379,-0.23807673,-0.25646168,-1.5516999,0.66430277,-0.69619805,-0.25008702,-0.5076208,CHB_243indv
29.68445,73.70724,-35.362465,0.26394978,-0.5934952,0.06708968,0.51276803,0.45429236,0.09618431,0.6461,CHB_244indv
32.223938,78.31972,-35.825047,0.47943044,0.8147594,-1.5648551,-0.051603083,-0.33173302,0.50879866,0.8765551,CHB_245indv
30.527046,76.37141,-39.798687,0.248939,-0.022974875,0.013124371,-0.16568625,-0.53246295,-0.1846739,1.0872808,CHB_246indv
30.306221,78.12294,-37.847496,0.2803048,0.8051764,0.29958954,-0.9788063,0.30014572,-0.05649275,-0.50653666,CHB_247indv
32.25094,78.468,-38.805862,0.014420093,-0.2102718,0.09159059,0.44202617,-0.27307108,-1.3855557,0.2622892,CHB_248indv
29.404097,70.73777,-38.27074,-0.6117551,0.11927945,-0.4743056,-0.5884886,0.41064358,-1.084149,-2.304241,CHB_249indv
16.786636,73.75378,-34.531887,1.0658312,-0.69798386,3.3531048,2.0638635,-2.9836323,-0.33624515,-6.9637537,CHB_250indv
29.622692,74.636375,-35.65217,0.06061334,0.22701007,0.6369448,-0.41855064,-0.9996499,0.15334822,-0.35780737,CHB_251indv
31.656105,78.50191,-38.228924,0.4713639,0.88815415,-1.3416139,0.34213465,0.6093763,0.12321725,-0.15238369,CHB_252indv
30.957607,73.70654,-35.090794,0.09537294,-0.1709287,1.0389999,-0.44503894,0.32375076,-0.04964688,-0.11576557,CHB_253indv
32.01981,82.923164,-38.744297,0.10650565,0.16005631,-0.68687123,0.7570679,1.0398191,0.11549629,-1.0218133,CHB_254indv
30.687695,78.48831,-34.862534,-0.10674506,-0.14849512,-0.4901538,0.3521162,0.16455746,1.1086043,0.5451192,CHB_255indv
32.9648,84.39974,-41.23155,-0.3188349,-0.82635,-2.0098352,0.64088714,-0.3490054,-0.28620774,-0.47875285,CHB_256indv
31.739464,78.80951,-36.368137,0.11595062,-0.12353986,-1.641481,0.3892931,1.1347041,-0.26219505,0.11751602,CHB_257indv
31.498217,77.60143,-40.52961,0.13461258,0.39999026,0.28340885,-0.5165642,0.036594413,0.56764776,0.031631958,CHB_258indv
29.521662,74.75505,-36.35265,-0.24955535,-0.48614353,0.49646398,-1.1409527,0.35644534,0.15230834,1.114555,CHB_259indv
28.80365,64.69286,-38.760723,-0.27108714,0.20925513,0.64071095,-0.88352895,0.2847045,0.18341699,-0.47120366,CHB_260indv
31.90694,79.65615,-39.103737,0.7564146,1.2604837,0.8148954,-0.69162285,0.44630793,0.8175792,-0.2275544,CHB_261indv
31.457754,73.24086,-39.92736,0.48708603,-0.48898786,0.5480999,0.43439427,0.4668172,-0.3794934,-0.5838745,CHB_262indv
30.931343,82.22729,-39.32333,-0.030615967,-0.021289855,-1.3328683,-0.0006691552,-0.32074115,0.34815586,0.4695894,CHB_263indv
31.985907,75.96245,-36.836544,0.57584405,-0.86325467,-0.43671352,-0.68210757,-0.023352224,-0.9278355,0.83883756,CHB_264indv
30.390034,72.485275,-34.40763,0.37986526,0.71890545,0.16295749,-0.7052388,0.20603044,-1.183037,0.6235133,CHB_265indv
32.691628,80.71985,-40.70885,0.5042671,0.6256031,-0.8283737,0.83961743,0.34826437,0.19305637,-0.5981603,CHB_266indv
31.130707,76.87948,-37.59472,-0.58787054,-0.35152993,0.16701168,0.8109617,0.121005364,0.7415634,-0.5394716,CHB_267indv
31.617195,81.589424,-41.298336,0.1710961,0.30687448,-0.8453634,-0.18627587,-0.049257133,0.47455534,0.35041302,CHB_268indv
28.744219,74.9676,-36.113625,1.1602002,-0.13210818,-0.7524956,0.429431,0.8613213,0.5381465,0.6102634,CHB_269indv
32.289845,76.40929,-35.8414,0.3381168,-1.0425537,0.104013056,-0.61836654,-0.21500432,-1.4655792,-0.14834498,CHB_270indv
31.342796,78.8756,-38.539967,0.0003205198,-0.15317886,0.037823487,0.26500276,0.547219,0.9623205,-0.79768026,CHB_271indv
29.504126,77.132484,-36.441185,0.21414702,-0.1948679,0.37697035,-0.19943842,-0.49758944,0.44961256,-0.47127298,CHB_272indv
30.115091,73.13851,-37.248074,-1.1721044,0.10835117,-0.13206552,0.70338434,-0.2463659,-0.25242603,0.26867855,CHB_273indv
31.585436,81.51486,-42.335907,-1.0416049,-0.2725108,0.21726632,0.0856412,0.20409769,-0.13824207,0.81419086,CHB_274indv
31.583967,83.74968,-40.687305,-0.46892896,-0.61399865,-0.91025746,-0.2610552,0.21800956,0.7092641,0.26551586,CHB_275indv
28.830872,70.50695,-34.597878,-0.11908,-0.09142801,1.2328196,-0.20281097,-0.98940086,-0.3546616,-0.23441167,CHB_276indv
29.70271,73.609146,-35.344814,-0.30149448,0.1381342,0.08167034,-0.06003493,0.91694933,0.25091493,-0.577486,CHB_277indv
30.135134,74.14576,-36.563023,0.17836125,0.06884749,-0.1830579,-0.14017986,-0.42489824,1.0497556,0.87229943,CHB_278indv
30.77404,82.310616,-40.039074,0.40184495,0.5244085,0.600564,0.043791264,0.012798971,-0.78099966,-1.3904872,CHB_279indv
32.92267,83.65249,-40.163807,0.085553564,1.0866,-0.58347136,0.27728224,0.9527728,0.24006073,-0.54689765,CHB_280indv
29.27006,74.692825,-35.63653,0.14309566,0.8371884,0.34943295,-1.1733501,0.24829173,0.30323088,0.9096252,CHB_281indv
30.789024,72.34678,-36.61271,0.17564766,0.7422294,0.9072115,1.2856748,-0.4323794,-0.08761377,-0.589427,CHB_282indv
29.616627,79.23903,-36.34098,0.0160091,0.17012268,0.3791729,-0.5002933,1.300745,2.0416632,-0.56199074,CHB_283indv
30.826944,80.62064,-40.085155,0.016134717,0.2447624,-0.7256137,0.814326,0.13041556,0.9970791,0.58446777,CHB_284indv
30.220512,75.88033,-37.08477,0.08087013,0.8472508,-0.21643125,-0.54926866,0.11901491,-0.5868907,0.4342013,CHB_285indv
28.63153,77.48117,-39.61619,-0.32966533,-0.5721153,0.28093785,-0.80611485,0.32974225,0.12323385,-0.45766756,CHB_286indv
29.961578,71.778824,-39.22603,-0.19004263,2.236108,1.1939225,-0.8097086,-0.94317627,0.23196857,-0.13870986,CHB_287indv
29.337004,66.21421,-36.89015,0.02265535,-0.083096184,0.2803702,0.25575212,-1.7667636,-0.22757432,0.20987977,CHB_288indv
31.310516,73.97009,-37.54065,0.18624601,-0.17757653,-0.23248489,-0.0028529,0.47711197,-0.01357093,0.09860811,CHB_289indv
32.49351,82.985344,-39.89732,0.080660075,0.2869479,0.01987903,-0.82513696,1.3033785,1.278728,0.82193786,CHB_290indv
31.816385,79.592354,-38.837322,0.91790324,-0.12725408,0.38113976,-0.84559786,0.8513025,0.7403616,0.5349782,CHB_291indv
32.17231,80.74239,-39.53668,0.10621738,-0.026326936,-0.020108463,0.022487583,0.41317257,0.29425737,0.50588053,CHB_292indv
31.171347,77.74029,-39.85667,0.085801296,0.8155545,-0.04883268,0.45848227,0.25174916,1.2072232,0.16005361,CHB_293indv
31.955797,81.57941,-39.164165,-0.10592465,-0.72648716,-0.4951675,0.8251221,0.53425175,-0.9453564,-0.33669588,CHB_294indv
31.710436,78.721146,-38.34895,-0.061891545,0.017547121,-0.18382123,-0.2849434,0.15377451,-0.057350334,-0.2306294,CHB_295indv
30.735132,75.92111,-36.39661,-0.69872797,-1.0678775,-0.23387827,-0.54269403,-0.37574396,-0.2828997,-0.83657306,CHB_296indv
30.910131,76.79623,-37.23323,-0.3287599,0.5298848,-0.051089227,0.117425606,0.38256124,-0.42937976,0.6535864,CHB_297indv
31.121344,75.82401,-35.572365,0.072182946,0.44970337,-0.03098314,0.45378947,-0.8051439,-0.12282817,-0.014685838,CHB_298indv
31.433662,77.06632,-38.331764,0.041225858,0.103168875,-1.3237183,0.30799952,1.0536137,1.319837,0.14387152,CHB_299indv
31.727812,82.210365,-41.35318,-0.96122694,-0.16732036,1.7562993,1.1627731,-0.09654105,-3.6600153,-0.16929276,CHB_300indv
30.493834,75.24962,-36.48389,1.2917134,-0.17392614,-0.7923271,-0.89005846,-1.3255239,0.034317244,-0.023116656,CHB_301indv
30.538662,79.58118,-38.560627,0.41218835,-0.09256715,0.29102975,-1.6094456,-2.651908,1.0241901,0.30908734,CHB_302indv
30.601784,69.02632,-32.460922,-0.87151754,0.58007735,0.38208863,0.4244233,0.095244244,0.4431794,-0.9685574,CHB_303indv
30.829332,75.80259,-35.629578,-0.41587177,-0.23386493,0.15794027,0.14311737,0.21526892,-0.22162457,-0.03714361,CHB_304indv
29.560808,69.9747,-40.447636,0.22593947,-0.17581812,0.06718824,-0.70123965,0.68972695,-0.30074108,-0.6964657,CHB_305indv
30.621292,74.27233,-43.694004,-0.6531605,-0.09453564,-0.068070866,1.1221137,-1.0646755,0.3580787,0.52466184,CHB_306indv
29.697123,72.81145,-36.465675,0.38349473,-0.05744272,-0.03532583,-0.9849049,0.30210492,0.14654905,-0.4287644,CHB_307indv
30.501747,76.62741,-37.18178,0.0014863588,-0.5196349,-0.3319829,-0.29751125,0.7503333,-0.60506094,0.546681,CHB_308indv
31.972412,84.321236,-39.572037,0.43445992,-1.358249,0.16100757,-0.53092045,0.61317307,-0.6034189,0.3743516,CHB_309indv
30.73738,79.0286,-36.925583,0.4014074,0.73061043,1.2363143,-0.93548083,0.21583197,-0.7866476,-0.82717425,CHB_310indv
30.905567,78.49374,-37.437824,0.31471473,0.2543479,-0.20744753,0.7282553,0.1405781,0.046368677,-0.20926225,CHB_311indv
29.758862,76.32979,-36.841263,-0.3457587,-0.7123554,-0.56646353,-0.2809133,0.75160426,-0.854286,-0.4659214,CHB_312indv
30.077791,78.90187,-37.23655,0.040040933,1.3893503,0.85619855,-0.93083507,-0.20997506,0.45295754,-0.27704448,CHB_313indv
30.622564,76.23809,-37.552986,-0.9487901,-0.39997774,-0.31574956,0.4113582,-1.1875554,0.452366,0.6359676,CHB_314indv
30.172398,76.68255,-35.79371,0.30936745,0.80172426,0.029522123,-0.1908188,0.55552036,-0.35047966,0.5228008,CHB_315indv
32.111626,76.28988,-38.74228,-0.56431216,-1.16002,-0.0784923,-0.7717772,0.32901528,0.2812935,0.10916995,CHB_316indv
29.887753,73.46506,-35.57703,-0.4086662,-0.024728771,0.37996906,-0.093729064,0.8258384,0.20464575,0.4917469,CHB_317indv
31.124432,13.047446,66.1003,0.46374,0.21615602,-1.0077097,-0.7326217,0.41389343,-0.3590271,-1.0696143,MXB_318indv
31.858467,15.953631,66.6852,0.048592817,0.3945343,-0.62527037,0.34951895,1.004081,0.6017129,-0.09503586,MXB_319indv
31.395412,14.440785,68.0669,0.02906912,-0.6242035,-0.03787649,-0.2996252,0.7284233,0.6691951,-0.7259434,MXB_320indv
30.707695,15.139624,62.871845,-0.2832308,0.64647675,0.38520715,0.9718239,0.15809755,-0.3748705,0.6002132,MXB_321indv
30.639994,14.880372,64.408714,0.5315771,-0.41328883,-0.94328886,0.30417353,1.0407559,-0.26625824,-0.5426495,MXB_322indv
32.05865,13.440271,68.088036,0.3695603,-0.5931775,-0.96116763,-0.34792614,0.38974252,0.4506914,0.13008521,MXB_323indv
31.24191,13.005699,64.36332,0.2868556,0.61088276,-0.1260855,0.48633155,-0.29063237,-0.4951494,-1.0812742,MXB_324indv
30.533215,14.472496,64.47455,-0.05397346,0.33117262,-0.65515035,0.05572377,0.73053586,-0.073817745,-0.3050856,MXB_325indv
32.140038,16.45827,71.63106,-0.35511053,0.2887091,-0.60453004,-0.35632044,1.1142827,0.04876101,0.71054584,MXB_326indv
32.47564,17.379738,66.92629,0.15378799,0.12554069,0.29562554,0.36075607,0.7019719,0.43027958,0.051097676,MXB_327indv
29.893501,13.149834,64.96369,-0.25117835,0.07903898,0.313004,0.43009514,1.3229976,-0.16567191,-0.38482577,MXB_328indv
30.161245,14.40199,61.878,0.46928787,0.015277878,-0.3073599,0.10887737,0.32663494,-0.16000123,0.8207529,MXB_329indv
31.594648,15.962262,62.800217,0.57983524,-0.09339598,0.044525567,-0.22713861,0.08294881,-0.72053987,-0.4926077,MXB_330indv
32.15992,13.053927,68.005516,0.52904,-0.30472907,-0.24272467,-0.12497332,0.28511557,-0.23233685,-0.04078582,MXB_331indv
30.500607,13.463373,60.980724,-0.30590308,-0.080943376,0.37861258,-0.4978635,0.1327321,0.58385086,0.41534477,MXB_332indv
31.740452,14.501149,68.01005,0.59270644,-0.5171284,0.62650687,0.5616926,0.25684807,-0.42148298,-0.38619298,MXB_333indv
31.332457,15.379042,66.66774,0.5597228,0.5718012,-0.66260874,0.07222043,-0.38141266,-0.27655745,-0.71638274,MXB_334indv
30.823711,15.298329,66.31165,0.46092927,0.77486736,0.47822326,0.0120393,0.22952195,0.20483738,0.63535595,MXB_335indv
30.338303,15.008937,63.942677,-0.12168488,0.40391898,0.23376183,-0.065852106,0.67026556,-0.24012168,-0.1759718,MXB_336indv
31.468699,17.29337,70.24691,0.30630946,-0.080661975,0.10501291,-0.7556788,0.41165334,-0.33161086,0.50122243,MXB_337indv
31.221739,15.36036,64.36299,0.7804959,1.2546362,-0.41502362,-0.37329373,1.0172962,0.050114214,0.12918255,MXB_338indv
32.17101,14.478146,66.98155,0.039426062,-0.4254593,0.42928234,0.5683734,0.13706523,-1.3836164,0.51089966,MXB_339indv
31.505857,15.156447,68.62814,-0.02358684,0.39411926,-0.62515074,1.1485189,0.82441074,-0.9952609,-0.025244482,MXB_340indv
33.136757,15.732669,76.009865,-0.81517047,0.3988221,0.23999204,0.06833541,-1.3880415,0.08143982,-1.2308717,MXB_341indv
30.000973,13.202352,65.2893,-0.20071618,-0.2324364,-0.2190833,-0.48125112,0.56238127,-0.13399929,0.6050341,MXB_342indv
30.36678,15.061263,66.55817,-0.00043331986,0.36812353,-0.20491803,0.3878739,0.16879591,-0.30469286,0.14142127,MXB_343indv
29.737637,14.287743,63.902523,-0.13324991,-0.10774853,0.1157176,0.27407056,0.4621308,-0.5382649,-0.517195,MXB_344indv
31.389788,15.292189,67.54064,-0.14665876,-0.07843834,1.0482715,-0.61487025,-0.6377051,-0.67327976,-0.27680916,MXB_345indv
31.103157,13.848829,68.56869,-0.49336302,-1.587156,-0.23472367,0.534105,-0.38047343,-1.0079232,0.020483257,MXB_346indv
30.826405,15.976698,61.865982,-0.04139057,-0.15849145,0.51297957,-0.42817584,0.36887327,-0.45840085,0.029028941,MXB_347indv
30.38101,15.25583,67.80643,0.70661885,-1.5085142,-0.69233274,1.0714974,0.18526787,-0.22581351,0.023512691,MXB_348indv
31.210745,16.72176,67.59088,-0.24000104,0.26300776,-1.0511872,-0.053447902,0.86981404,0.4068739,0.3749342,MXB_349indv
30.53004,13.744869,62.1494,-0.21862377,-0.08752228,-0.24045299,0.48113272,0.85159415,-0.40203145,0.7182789,MXB_350indv
31.654274,14.154888,69.35558,-0.10008972,0.50286365,-0.21348262,-0.1542547,0.06501673,-0.3815054,-0.6684926,MXB_351indv
33.565746,16.813381,77.47809,-0.74722874,0.26173112,0.15039435,-0.45028087,-0.7849814,0.63410115,-1.348998,MXB_352indv
31.114649,12.731382,61.623905,0.5864061,0.16876869,-0.1579131,0.462835,0.65811133,0.046555474,-0.5184151,MXB_353indv
32.251682,14.859986,71.44916,0.190233,0.41187987,-0.6139724,-0.9521264,0.13680212,-0.40043226,0.3717366,MXB_354indv
29.784334,12.999587,65.10947,0.21112801,-0.15305306,-0.11719842,-0.15363592,0.59236515,-0.15090361,-0.26662615,MXB_355indv
31.051874,15.379334,66.36023,0.33253112,0.8298336,0.03398917,1.1302079,0.44620508,-0.03584709,0.2861609,MXB_356indv
31.731794,15.462361,64.92697,0.25027916,-0.8009749,0.5220097,-0.35830018,1.015581,0.26839438,0.09729794,MXB_357indv
31.34067,14.083349,60.62276,0.4353182,-0.8276638,0.04139537,1.0338994,0.22021003,-0.04650817,1.2411298,MXB_358indv
31.550835,14.611504,66.30305,0.2318094,0.3587859,-0.19967933,0.20586048,0.3370654,-0.12471001,-0.26799121,MXB_359indv
31.51266,15.358422,67.05056,0.3248849,-0.6521916,-0.2535994,-0.38333005,0.31604588,0.22709984,-0.5084401,MXB_360indv
30.830683,13.817145,69.168465,0.11994081,-0.1461267,-0.93557626,-1.0206639,0.11476663,0.4748257,-0.23208588,MXB_361indv
31.174723,14.793238,64.56324,0.33247048,-0.117713295,-0.2553428,0.25262868,0.68977135,-1.1942751,-0.12391895,MXB_362indv
31.531782,14.265188,66.640396,0.4812795,0.12805244,0.38795796,0.063642055,0.6883515,0.36766475,0.49035835,MXB_363indv
30.918465,15.897126,65.48556,0.69168633,0.6092133,0.73076653,-0.4880472,1.5339334,0.4833694,-0.09165746,MXB_364indv
32.156742,15.97566,70.24897,0.8865542,-0.3037638,-0.1400281,0.711497,0.45085755,-0.17305654,-0.23968646,MXB_365indv
30.157974,14.017569,68.02917,0.17632492,0.6270175,-0.16410814,-0.5839051,0.790963,-0.8784456,0.9133027,MXB_366indv
32.533897,15.362414,72.86309,0.5470115,-0.03795582,0.47717917,0.4293693,1.2479718,0.4520338,-0.25999096,MXB_367indv
-26.082794,-12.101542,0.7347427,3.717951,14.102992,-14.150656,-8.555106,-6.608703,-6.876762,13.830119,MXL_368indv
24.094788,-25.76013,-1.0927954,0.251658,-0.17067279,-0.43748972,1.8983253,-2.4600046,-0.48497775,-1.3712101,MXL_369indv
27.99099,-4.3583713,36.888046,0.10813984,-0.6081298,0.39090154,0.36795604,0.43076888,-1.0070665,0.13450758,MXL_370indv
24.335508,-12.319109,16.130552,-0.7689137,-0.66837996,1.182108,0.26383126,-1.2186073,-0.11057381,1.534536,MXL_371indv
25.245584,-2.0296278,32.3489,0.9536414,1.3240997,-0.23849042,2.043816,-0.41087154,-0.62552494,1.0009625,MXL_372indv
23.217964,-12.514297,19.302832,-0.16704454,2.2812128,-1.3505164,-0.7502263,1.6104945,-0.03702189,-0.31213748,MXL_373indv
23.266575,-23.640743,-1.8696806,-1.7022108,0.20123357,0.4587402,1.4762355,1.6844631,0.14703196,-1.8454189,MXL_374indv
15.471155,-12.655522,14.135533,0.9465451,-1.8589544,-1.3802242,1.8427783,0.7513093,7.438457,1.581843,MXL_375indv
18.851738,-40.340412,-26.962957,-0.44403315,-1.0054798,0.5565454,-0.57442474,0.16315213,-1.4764342,1.077794,MXL_376indv
18.8034,-17.859425,11.139621,0.549916,0.61871904,-3.2818732,-6.9334874,7.9188476,1.468542,3.3342943,MXL_377indv
24.88795,-17.56145,11.568736,-0.23139353,-0.4862088,0.09418116,-1.5517998,-0.8391172,-0.8936175,1.6102728,MXL_378indv
30.025501,12.925884,65.20549,-0.6006302,-0.4132293,-0.28750494,-0.58243114,1.1381581,0.5981713,-0.50868845,MXL_379indv
25.12735,-13.538086,18.257109,-0.5764072,-0.11682347,0.3660038,-0.30213258,0.69308203,-1.4982924,0.9123246,MXL_380indv
21.757502,-7.4775457,28.479603,-3.2095678,-2.685882,3.876273,2.8049998,2.8989575,-0.67619365,-1.3426399,MXL_381indv
17.328985,-25.891989,-10.9591675,2.8929758,-5.072415,1.7120408,-2.0860112,-12.30351,-2.3699229,4.3809967,MXL_382indv
-11.432449,-10.638455,16.698729,5.049119,10.654484,5.8233576,-0.09721318,-7.228991,-4.8824387,15.288611,MXL_383indv
23.63431,-19.370144,7.2633576,0.49432573,-1.0267258,-0.3661955,-0.72685134,-0.47591263,-0.14706895,1.3599037,MXL_384indv
24.644333,-15.288553,15.978734,1.2348799,1.6928247,-0.5156735,0.46300992,-0.32555786,0.5627722,-2.8302283,MXL_385indv
27.42839,-2.3051043,34.745293,0.6831806,0.8442019,0.8376976,1.085184,-0.68632716,0.9966329,0.15687174,MXL_386indv
8.676034,-8.743915,27.10337,-28.825842,-5.080896,6.663108,1.9403096,-5.7110043,-5.11716,-1.2175045,MXL_387indv
27.021301,0.14869967,40.20497,0.5615118,-0.17770794,0.29399803,-0.4049094,0.37701547,-0.2195334,-0.36920995,MXL_388indv
22.80682,1.5574337,27.852365,-2.594732,-0.664867,0.8291895,1.6118937,-1.0168762,-2.259828,0.40223694,MXL_389indv
26.029589,-11.643381,20.654072,-0.30969635,-0.3444941,0.0721583,-0.6964415,0.24239126,-0.6731704,0.22740181,MXL_390indv
26.235022,-14.243856,19.591091,-0.59334666,0.31109753,0.5714921,-0.7877079,0.2922985,0.04684373,0.24975625,MXL_391indv
24.93529,-13.895273,18.573423,0.020677628,0.0009724563,1.1089839,-0.73722136,0.31263906,-0.16396314,-0.34299842,MXL_392indv
30.624662,9.718377,60.460358,0.36954203,-0.37565184,-0.1731108,0.69164103,0.25376707,-0.43633258,0.13729416,MXL_393indv
1.4618347,-7.474027,15.851218,-3.681846,-3.4466338,-3.8769693,1.3175821,6.1211004,-5.3893127,0.5025646,MXL_394indv
26.167637,-16.418716,14.333345,-0.4841333,-0.5456535,-1.1956075,-1.3866308,-0.4417772,-0.91334164,-0.31151277,MXL_395indv
24.649498,-3.3306842,32.0239,-0.1836498,-0.78261095,-0.11406452,0.47158185,0.80744964,-0.63091815,0.8786208,MXL_396indv
21.944141,-6.816529,23.541594,0.6320985,3.3520105,-1.1550963,1.9537084,3.3015532,-0.1312434,-3.0558891,MXL_397indv
26.146225,-13.813691,19.943768,0.6111049,-0.07428407,-0.071104705,-0.3785981,-0.7510463,1.1281333,-1.5367188,MXL_398indv
-3.1793897,-28.580643,-23.075787,0.0142339775,-1.184241,4.9999037,-3.1847632,2.2819402,-0.60108924,-4.48407,MXL_399indv
19.347057,-38.99683,-25.402206,1.1121987,2.313488,0.77829874,-1.5927478,1.7125734,-0.35349837,-1.5753226,MXL_400indv
-1.0568005,9.77942,50.18024,4.3607135,11.845417,3.6173425,-2.3645394,-3.1332624,-2.301024,14.212373,MXL_401indv
14.435256,-22.681313,2.5249224,-0.59831154,-0.2510344,-0.8562194,2.180298,-2.3538477,-1.3460987,1.7052778,MXL_402indv
2.6601894,-23.476257,-7.7570677,0.8850373,1.7660118,6.674509,-2.4599762,10.289977,2.1114964,1.9706714,MXL_403indv
20.094934,-32.222496,-7.9278407,-0.4913713,-3.415281,-0.35573995,1.7364479,2.2715604,-0.35696095,2.4259546,MXL_404indv
28.339132,-3.001865,37.437164,0.47801137,-0.122226894,0.9345262,0.63214433,0.61089313,-1.0868837,-0.26428697,MXL_405indv
24.688402,-14.933019,13.033375,0.942183,0.48266807,0.30538893,0.46924698,0.14491147,0.11904145,-0.4057165,MXL_406indv
-16.65844,2.933322,33.989956,1.1035708,2.1948965,2.3703294,4.0487127,-3.998167,-5.3028665,5.4992123,MXL_407indv
31.27882,15.38773,64.501236,-0.076912925,0.23717327,0.514481,0.50168884,0.45405808,-0.37087616,0.63327235,MXL_408indv
7.6464906,3.0799568,41.468056,0.83658165,4.644976,-1.5481886,1.2122812,2.521279,3.0356112,-3.9152114,MXL_409indv
26.561657,-4.8438635,30.273514,-0.6959326,-0.54893935,-0.53939486,1.2822351,-1.6269093,-0.5772601,0.8118938,MXL_410indv
-5.597863,-24.2589,-8.833377,2.589935,-8.1368885,-26.904408,-0.98945314,-0.32658145,-19.7429,-2.2233338,MXL_411indv
30.29231,12.661077,60.466324,-0.008088048,-0.15707573,-0.05808742,-0.33546597,0.6978324,0.15747896,-0.14730558,MXL_412indv
27.98312,-1.1187302,37.029892,0.30830002,-0.30260476,0.532832,0.2323834,0.9348876,0.9816457,-0.10813589,MXL_413indv
30.890411,8.567949,55.922756,0.18432213,0.49562848,-0.48860008,-0.52820235,-0.49066165,-0.33870628,0.069330245,MXL_414indv
22.922447,-18.15293,9.785122,-0.87912166,-0.566303,-0.68359226,0.11875778,0.26674646,-1.3349559,-0.66330147,MXL_415indv
-9.140607,-23.581379,-14.927185,4.2271214,-7.340716,2.2640233,-1.3733875,-17.04372,-0.7763757,3.6969209,MXL_416indv
24.357023,-12.727465,18.250835,-0.064095095,-1.2781858,0.9989442,0.018125225,0.72383225,-0.5342877,-0.70243686,MXL_417indv
31.097462,12.510745,62.938583,1.2661943,1.2400516,0.5474281,-0.43145794,-0.06471138,0.5289122,-0.30736506,MXL_418indv
-2.98514,14.588932,50.451225,7.1339636,-7.7135816,1.6712067,8.041841,-7.1249323,-1.71093,-3.0625784,MXL_419indv
28.55948,5.7496505,47.349564,0.5456985,-0.0974355,-1.7479469,0.680578,-0.3023855,0.47954762,0.16121161,MXL_420indv
22.562815,-9.071632,21.049389,1.4203075,0.27454597,-0.41893974,3.3016217,0.06435163,1.8122866,-1.3314165,MXL_421indv
25.540102,-6.4292436,25.157183,0.59726363,0.76991296,-1.0762321,-0.29289418,-0.3561125,-0.90029943,-1.1336825,MXL_422indv
12.866171,-6.112683,28.247477,2.80223,4.605927,-7.377807,-2.491003,-1.6645511,-0.78457767,-1.8145852,MXL_423indv
13.013833,-25.465807,0.3398767,-2.5075624,-5.6098676,0.1602605,5.4026585,2.1069221,0.4531942,5.1167564,MXL_424indv
20.303812,-24.499498,-0.5379577,-0.054983012,0.65538806,-0.16462144,0.4165576,0.2744853,-1.0614486,-0.41792485,MXL_425indv
20.733559,-25.166018,-1.4930867,0.13606417,-1.1204631,-0.19226468,-0.7207602,1.4956167,0.27796587,-1.0360781,MXL_426indv
-28.756449,-26.610315,-22.214228,9.897094,5.4566073,3.8855567,-11.069452,-0.25041628,-2.4735053,-20.988497,MXL_427indv
19.951214,-28.85854,-11.366411,-0.10268182,0.5604821,0.8426284,-0.39081025,-0.8648372,0.30205423,-0.68230724,MXL_428indv
28.05302,8.988402,55.11024,0.042269867,0.34383193,-0.30745596,0.5624546,0.72043496,0.34044212,-1.0815817,MXL_429indv
3.405652,-17.682178,0.75412226,4.948183,-1.6092505,1.420814,-1.0802456,-0.25066507,8.075228,-3.2924144,MXL_430indv
21.758564,4.2496715,46.75467,-0.108582124,-0.0045333267,-0.38982013,-0.7823698,1.333645,3.1272738,0.95710224,MXL_431indv
32.073994,13.96916,69.12492,-0.5795767,-0.45005804,-0.6642795,-0.762235,0.6038744,-0.07950535,-0.1106848,PEL_432indv
29.523333,6.101602,49.89233,0.95909935,-0.7625842,-0.25256386,-0.07216424,0.3106548,0.093511686,-0.05496582,PEL_433indv
28.543392,8.260924,50.859104,0.37393662,-0.17586148,0.012153446,0.3528548,0.5511011,-0.12039186,-0.25516763,PEL_434indv
27.267181,-4.559543,33.973667,-0.012744039,-0.9792601,0.3540694,-0.3761204,0.14772616,-0.42157945,1.2537208,PEL_435indv
32.218197,16.628185,66.420654,-0.47658795,-0.14440009,0.071507916,0.9317566,-0.5528147,-0.067910686,-0.010022157,PEL_436indv
30.714766,15.876995,67.75494,-0.75337946,-0.17761204,-0.6331774,-0.2821169,-0.6394032,0.708665,-0.7201421,PEL_437indv
25.752714,-8.033911,29.073572,0.29169855,-0.18691263,0.885603,-0.96588147,-1.0436512,0.7199512,0.4578561,PEL_438indv
16.97951,13.821658,60.42915,0.60947174,-1.0536567,-0.7430312,2.8495586,3.6014612,0.18361723,-1.8961824,PEL_439indv
30.275253,8.379481,58.42124,-0.14823103,0.019696249,-0.004441701,0.12392309,0.26412645,0.04200222,-0.11381191,PEL_440indv
31.814537,14.087026,66.26539,0.17653437,-0.5724179,0.40688938,0.73251307,0.18652697,-0.6253702,0.4393467,PEL_441indv
25.154076,-14.243973,19.416637,-0.061713707,-0.48247457,0.6532439,2.1788528,0.95461947,-0.66377795,0.48154697,PEL_442indv
20.656847,-22.894894,0.5117164,1.1532105,-0.6349664,1.0122416,-2.0039306,0.62892187,-0.27697948,0.7621411,PEL_443indv
30.38491,11.532994,64.1461,-0.20850363,0.38160998,-0.72758955,1.3527406,0.34935692,0.8789181,0.4031775,PEL_444indv
31.257746,14.396927,61.95516,-0.8282036,-0.32830846,-0.40629086,-0.10838718,0.59335864,0.010670217,-0.30131832,PEL_445indv
26.275202,-8.233018,23.611631,-0.60562855,0.60453975,0.082067676,0.44996524,-0.61775386,0.27414635,0.25005448,PEL_446indv
30.05781,8.58487,56.49535,0.10947947,-0.10053138,-0.5126693,0.29317823,-0.58799785,1.5654783,-2.3472595,PEL_447indv
26.55979,-1.4163867,38.093723,-0.6390785,-4.1314964,-0.70335066,-0.49047038,-1.7337472,1.053532,2.4254286,PEL_448indv
28.16839,5.8181834,52.38745,-0.68046695,0.5833136,1.0881484,0.39812616,0.9673089,-0.8527613,-0.44147554,PEL_449indv
27.504318,2.1986015,45.906017,-0.110144526,-0.02492731,-0.6596213,-1.6308347,-0.71645665,1.1062645,0.52582145,PEL_450indv
3.1320708,1.0271083,35.95212,1.47349,-0.9830365,-0.6831106,-7.445028,3.7287278,-1.1676203,-3.0526223,PEL_451indv
28.218897,1.4445074,44.292484,-0.21030699,-0.02986348,0.09820038,-0.12162677,-0.52921903,0.7497427,0.06916994,PEL_452indv
28.979403,0.7328338,44.98366,-0.32227883,0.16125461,0.5052884,-0.29035345,1.6361415,0.21334104,0.14540268,PEL_453indv
31.493298,14.931104,67.15973,-1.1342051,-0.61101186,-0.47232705,0.936419,0.41187698,0.16219066,-0.011863616,PEL_454indv
23.369865,-21.48067,5.1629496,-0.28662008,0.4708124,-0.9925576,0.7645606,-0.33392248,-1.2112943,-0.35512042,PEL_455indv
26.263329,13.319291,60.65899,0.79821414,1.4361748,-0.3468476,0.41738036,-2.5716467,-0.12790203,-0.36057457,PEL_456indv
28.139284,3.9035041,38.659332,0.3206521,-0.4693241,-0.6110744,-0.8606431,-0.006064782,-0.30393487,0.26359805,PEL_457indv
-4.373625,12.288553,53.661057,-3.546356,0.0036361062,-4.4757776,-10.598032,-12.74957,5.004018,-18.915567,PEL_458indv
27.97986,0.886052,39.272594,0.52056974,-0.4469087,-0.5369657,-0.20772131,0.56919926,0.1345697,-0.3235415,PEL_459indv
22.954086,-15.091755,15.515683,-0.6017764,-0.1011289,0.88409793,0.79972565,-0.047503103,1.2795025,0.38763827,PEL_460indv
24.420364,-4.0765934,32.185947,-0.16848715,0.6533696,0.9048701,-1.2239977,1.5951865,0.53065217,0.04215294,PEL_461indv
30.206266,4.977112,48.138218,0.42732677,0.67739356,0.7281599,0.15849748,0.17836484,0.048637643,-0.62471867,PEL_462indv
27.832996,0.8917759,40.02547,-0.032873623,0.65287995,-0.093772255,-0.3353452,0.57941484,-0.050253898,-0.5390449,PEL_463indv
29.540024,5.2859735,50.75412,0.65042675,-0.59061867,-1.9033184,0.6305348,0.61216193,-0.42883715,-1.1812515,PEL_464indv
30.270044,5.5952463,55.160107,0.3531941,0.17810659,-0.7107039,1.2613485,0.3411023,-0.121567026,-0.2747997,PEL_465indv
31.18783,13.592066,65.301125,-0.025139319,0.03933767,-0.5659481,0.3909666,0.5239473,-0.35665402,-0.20372576,PEL_466indv
27.471855,3.734043,45.277996,0.545523,-0.60418653,0.42782965,0.15225627,-0.8850402,-0.40694606,-0.3200739,PEL_467indv
27.458109,-10.876751,28.268929,-0.02930858,-0.053499162,-0.108739555,-0.04398128,0.29268098,-0.7761631,-1.512229,PEL_468indv
27.085829,5.990712,46.355648,0.48728728,0.17882161,0.08035899,-0.6258616,-0.83350956,0.15616047,0.07153835,PEL_469indv
26.878363,-12.147315,22.077305,-0.6715984,-0.18666977,-0.05350217,-0.39227024,-1.0193152,-0.32317117,0.8639227,PEL_470indv
27.853716,1.1808014,43.508137,-0.3364918,1.764285,-1.4595442,0.004617724,-0.071327895,0.22849466,-0.36525583,PEL_471indv
31.988436,14.878828,74.47948,-0.2883839,0.3377354,0.14164093,-0.41811553,-0.013319874,0.48567116,-0.501072,PEL_472indv
31.536602,15.220006,66.73256,-1.1090727,0.6055617,-0.0055825477,-1.0230503,-0.7627467,-0.49988595,-0.9697045,PEL_473indv
28.159864,6.8082857,48.13856,-0.18372518,0.6890673,-1.9278383,-0.42618698,0.5035977,-1.1257483,0.45727578,PEL_474indv
28.762167,-4.0612574,40.451897,-0.23636343,1.0021297,-0.339986,0.25738624,0.13952741,-0.5658467,0.7697475,PEL_475indv
-0.80797327,0.4438939,30.06653,1.2773141,-6.5776286,15.51554,-2.1779907,-2.5278735,-3.5507762,-0.5954267,PEL_476indv
25.675413,-5.4147506,35.262207,-1.0893067,0.64973605,1.6438794,0.33624965,-0.20309357,-1.2927938,-0.21957378,PEL_477indv
22.653389,-28.218567,-9.453786,-0.26975936,0.07510973,2.0560374,0.20819706,0.002916739,0.10953945,-0.46085036,PEL_478indv
29.664381,8.277076,53.620506,0.2553497,-0.103255324,-0.27578446,-0.18487377,0.13840832,-0.51952547,-0.04807757,PEL_479indv
31.192616,10.986304,63.95641,-0.91180676,0.009256755,-0.0463893,0.024898317,0.24518354,-0.67861277,-0.23267874,PEL_480indv
30.486624,7.8874874,57.87874,-0.6789894,0.14373519,-0.37598297,0.39078352,-0.14177865,-0.2394195,-0.5898673,PEL_481indv
4.9229913,-9.848471,14.674905,-13.887529,-3.7314548,1.7825576,-1.1055242,2.3490646,-0.94263303,1.5282844,PEL_482indv
27.492485,0.32915518,45.4721,0.62002474,0.6610804,-0.80668014,-0.16885006,1.2717226,0.19375312,-1.5538589,PEL_483indv
25.75326,4.704136,47.90714,-0.39526203,0.6542451,-1.185938,-0.654734,0.134467,-0.7846189,0.040340215,PEL_484indv
28.455036,2.4097886,47.275986,0.49304652,0.72020817,0.72719514,0.77245843,0.8830094,-0.3695632,-0.5458223,PEL_485indv
25.88839,-7.315808,25.611677,-0.085435085,-0.31735626,1.134761,-0.12401226,0.20406295,-0.63347244,0.24874884,PEL_486indv
24.382294,-11.786492,26.860886,1.0395159,-0.8779778,0.8779606,-2.5510223,-0.97601116,-0.99728507,-1.5146794,PEL_487indv
21.321823,-19.436638,10.020654,0.21454626,0.4721093,0.6092685,-0.041934986,-0.61497957,1.2258004,0.2709407,PEL_488indv
22.992018,9.553534,52.440674,1.0902557,1.7519938,-2.0639904,2.1091726,1.583553,0.6086766,0.36344048,PEL_489indv
30.84834,14.773604,66.05357,-0.25373638,-0.33411196,-0.50637406,-0.43766034,-0.16145788,0.72396374,-0.7284842,PEL_490indv
31.566437,11.968471,61.165276,-0.286018,-0.42911518,0.18538561,0.85544294,0.95275426,-0.7407411,0.24834667,PEL_491indv
26.190773,-1.3085961,36.051483,0.92401475,-0.04643868,0.060661215,0.99542236,-0.5928568,0.13238111,-0.76910955,PEL_492indv
28.109846,3.278264,46.9098,0.2740076,-0.04726543,0.5122783,0.38552344,0.29688114,-0.08781615,-0.47095528,PEL_493indv
22.99644,3.4118266,42.854183,0.52000684,-0.06314046,0.28620943,-1.8845733,-1.9780368,-1.2869389,0.34248233,PEL_494indv
28.936811,5.157778,44.535473,-1.8753814,1.7513746,-0.5630264,0.61490405,-0.40050527,0.6114053,0.4458603,PEL_495indv
28.483337,4.6726623,46.37515,0.48082596,0.038724538,0.4821439,-0.20409387,0.3382211,0.40675244,0.3746962,PEL_496indv
13.622339,11.716481,53.827995,0.03340447,-0.19896932,1.5882837,3.0295424,1.7271905,1.857911,-6.114003,PEL_497indv
29.496746,12.657542,58.217747,1.0710481,0.16682078,-0.89368236,-0.8512608,1.119815,-0.8404533,0.2321741,PEL_498indv
21.977133,-2.8407931,30.7289,1.4394214,0.37424982,1.0320585,-1.723187,-2.0900407,0.034035843,-0.9188883,PEL_499indv
24.906229,-10.212051,21.730524,-0.51277834,0.63481605,0.710589,-0.33634397,0.6911759,1.399078,0.2862795,PEL_500indv
31.401775,16.852102,67.995445,-0.5714582,-0.023579381,0.30435333,-0.6839096,0.46318826,-0.49699396,-0.24587144,PEL_501indv
27.594025,0.37309843,34.92006,-1.1896514,1.1778178,0.68553865,0.043179538,-0.26301545,1.1870813,0.07917357,PEL_502indv
17.87743,1.7011913,40.76152,-1.3300259,3.6892037,2.1079712,4.1086783,5.3050723,9.851759,-9.847722,PEL_503indv
29.172752,0.25505012,43.643707,1.0948718,0.007137656,-0.87333715,0.7136639,0.5197794,-0.09408504,-0.98137796,PEL_504indv
28.76159,4.4813285,49.1683,-0.041659795,0.19600989,-0.19102168,0.35733795,-0.22234105,-0.40562144,0.6939106,PEL_505indv
32.95812,15.267412,71.20274,-0.01899171,-0.8780924,0.2724499,0.25768286,0.89995295,-0.2936656,-0.5290638,PEL_506indv
26.98027,-4.973117,37.66575,-0.9728221,1.7513205,-0.051629327,-0.31283233,0.41285107,0.5719322,-0.017438766,PEL_507indv
29.522799,12.32206,57.516808,0.8388777,-0.5276263,-0.40833735,-0.3181175,-0.7480003,-0.46098077,0.06441684,PEL_508indv
26.851116,-4.4146056,32.267197,-0.16523232,-0.07661338,-1.6779141,-1.0216511,-0.5177387,-0.7624598,-0.1832153,PEL_509indv
30.680696,13.965004,63.042324,0.29101035,-0.03559173,-0.949808,0.3067908,-0.4861302,0.17881986,-0.4594986,PEL_510indv
29.95285,8.292189,53.57548,-0.6531124,0.6068391,0.42754498,0.1067446,-0.42908376,0.22072378,-1.6712309,PEL_511indv
19.613386,-36.447647,-22.739601,-0.9334922,1.3984184,1.2212441,-0.13668162,-0.31439793,-0.8717485,0.33212423,PEL_512indv
29.802046,10.366229,58.955723,-0.3297013,0.5755625,-0.88216263,1.3412927,1.2522634,0.36850068,-1.0091474,PEL_513indv
23.08677,-21.076733,3.8883085,-0.14028586,-0.99535406,0.41882008,0.001172359,0.61081827,0.43326852,-1.0961095,PEL_514indv
31.529634,13.691671,65.84216,-1.2009418,-0.82427734,0.22531888,0.28090173,-0.3885704,-1.0280644,0.022166276,PEL_515indv
31.117037,8.391665,55.57822,0.041668016,0.7570691,-0.38241148,-0.17692246,0.20330483,0.24614725,0.12811357,PEL_516indv
19.4079,-31.279947,-12.663541,0.79941857,-0.5962284,1.454577,-0.4064365,-0.61631787,-1.1170403,-0.64330703,CLM_517indv
27.786263,1.1202505,38.696754,0.0780153,-0.45120913,0.064599425,0.7150971,-0.218498,-0.47097006,-1.0060939,CLM_518indv
-9.851332,-17.52801,-0.5465294,2.5023215,-9.544364,4.5512056,11.135001,16.944923,7.0578265,-1.1471765,CLM_519indv
19.284534,-37.01981,-19.965286,-0.4605575,-0.47655886,2.0082357,0.9490638,-0.9650082,0.38091558,2.8839154,CLM_520indv
25.189236,-14.91815,13.100442,-0.5241324,0.34264794,1.4273133,0.15474045,-0.49216473,-1.1114229,1.199939,CLM_521indv
20.830595,-28.376255,-5.842385,-0.27820364,3.557423,0.18808986,0.875345,0.8368868,0.25876486,1.6132442,CLM_522indv
4.880272,-19.337597,-2.7311718,0.61685187,2.7033796,3.3278995,-2.2877293,-6.2860446,1.1186497,1.0943854,CLM_523indv
23.117489,-16.365566,12.087421,-0.47600845,-0.8610813,1.2927927,-0.99947244,1.682237,-0.19131108,0.424125,CLM_524indv
9.497191,-15.307476,13.2570715,2.1788208,-1.0145234,-3.799615,-0.29854193,-2.6411536,2.7484884,11.278746,CLM_525indv
11.188183,-24.79518,-8.893881,1.5194308,6.1743917,-0.051468685,-5.003199,4.9162354,-3.0664263,-3.6519928,CLM_526indv
23.354094,-18.416733,9.593846,0.5016769,-1.2459881,2.1826098,1.4463495,-0.93778056,-0.57784295,-0.042421665,CLM_527indv
0.59990543,-5.371563,27.545937,0.8871469,4.189306,7.223001,5.4288373,-5.6811876,-0.11632008,0.8211324,CLM_528indv
23.11358,-4.7695312,32.919212,0.9083869,3.6678362,-0.9432414,-0.6429791,-0.16800977,-1.0464128,3.3715882,CLM_529indv
24.735836,-15.801877,7.286881,0.15264727,0.68117887,0.32021868,-0.9525546,0.6565722,0.94196993,-0.5373683,CLM_530indv
25.33451,-3.646709,34.07513,-0.13708465,-0.39277706,0.9321961,0.44270232,0.14781232,0.71844506,0.08855051,CLM_531indv
-3.671649,-16.229408,3.5890377,1.4123117,1.2987945,-13.438348,-0.18951863,5.846875,2.552312,0.58343476,CLM_532indv
15.82831,-18.88041,5.851475,1.3057489,-1.0963795,1.6735302,-2.9793007,-1.9966781,-1.7595818,-5.0260644,CLM_533indv
18.478905,-2.8404655,31.428308,-2.4879699,1.5694438,-3.2522144,-2.3330002,2.7710164,4.9619884,0.42140338,CLM_534indv
19.845402,-32.079044,-9.871168,-0.063937955,-0.70595527,0.6390506,-1.7524241,-0.1774057,-1.4861239,1.3985387,CLM_535indv
22.31499,-19.248755,4.509036,0.13654713,-0.07932342,-0.081883624,-0.60077244,-0.31817713,0.26364514,-0.20899494,CLM_536indv
10.100629,-31.346416,-14.632652,0.8582045,-0.8595105,-0.598743,-0.84679806,1.4084958,-0.45262092,-4.8907332,CLM_537indv
22.981995,-15.982029,11.392873,0.29144958,-0.61817825,-2.3588743,0.013472138,0.90666264,-0.60499173,-1.6244396,CLM_538indv
21.038544,-26.685257,-7.3414817,-0.4729706,0.94236994,0.4682785,-0.053625077,0.6106411,0.22725196,0.59450406,CLM_539indv
16.674383,-30.71392,-17.995884,-3.2773888,1.4907156,0.13096997,-1.3944029,0.03833013,-1.0991038,-0.2862712,CLM_540indv
19.686163,-36.5851,-22.43968,-0.012059621,-0.4161257,-0.97452956,-0.7133246,-1.7205538,0.7768202,-1.630515,CLM_541indv
17.405434,-32.33736,-22.77712,0.08831002,-0.26650873,0.2987894,0.5332029,-1.2786019,-0.748473,1.9910802,CLM_542indv
12.198494,-22.61922,-5.680693,2.8978379,-0.63411516,5.7255015,-0.49612477,0.6138303,-4.173699,-3.2302434,CLM_543indv
15.787631,-31.934425,-15.204357,-0.7541205,-0.8056413,0.36080313,0.4087108,0.7825661,0.6003838,-1.8425528,CLM_544indv
19.194166,-26.18608,-9.269296,1.013795,0.94699156,1.9819574,0.31947458,0.65289825,-0.31037,1.3428488,CLM_545indv
1.0754901,-27.266674,-16.87424,3.1282458,-3.7173808,0.47859445,-1.34372,-3.6304839,5.576134,4.1191087,CLM_546indv
26.514172,-8.017211,23.28458,-0.4059265,1.065687,0.3707872,-0.072163254,1.185649,-0.49047464,-0.5737156,CLM_547indv
5.787331,-14.702289,9.717516,-21.739393,-2.6490355,4.0710936,1.9284154,-0.73401767,-4.3167233,10.868559,CLM_548indv
-3.059609,-22.176462,-6.3798885,6.2863464,-0.38126954,3.4147635,-1.1530861,-8.641502,1.284205,20.045227,CLM_549indv
-1.6334021,-14.923542,3.6082966,5.0867553,2.432469,-1.0267631,-13.769565,-4.715316,12.590856,-6.3778815,CLM_550indv
-3.3487673,-7.9746957,17.935184,2.1365457,-1.697347,-1.481757,5.4472055,2.0421138,0.65890336,2.6451926,CLM_551indv
20.153399,-34.408997,-25.812702,-0.8425428,0.4759233,-0.45293438,0.08466595,-1.1060098,-0.5581088,1.2484753,CLM_552indv
21.135984,-26.843557,-7.2973638,0.032092605,0.22604644,0.08169438,1.6868224,0.3447202,0.5640852,-1.0023427,CLM_553indv
13.2295065,-20.99848,3.2313967,1.3118012,-1.3863018,3.7395873,1.2896914,3.4706488,-4.1119537,-0.78419185,CLM_554indv
23.120224,-29.285841,-5.576548,-0.7053519,0.8996603,0.63129663,0.49080366,0.5317653,-2.1790035,0.46297914,CLM_555indv
28.030775,-0.4953553,36.88434,0.060987327,-0.060285065,0.43984586,0.8926471,-1.7148826,0.12477273,0.17148694,CLM_556indv
-1.0780758,-19.647165,-2.9994392,-0.48858616,0.89997965,-8.18155,-16.848099,-20.201336,8.0865965,-24.838646,CLM_557indv
2.3145368,-9.539727,13.279633,2.4003022,-2.1820374,2.3539455,-0.3875116,-0.62037086,-7.8652935,-2.1137993,CLM_558indv
1.8188523,-9.084555,15.096444,-0.6711479,-1.0009394,4.7115064,-4.2569366,-10.135161,3.0051558,3.937381,CLM_559indv
19.927872,-25.250385,-2.7612846,-0.9062831,0.77782935,-0.8155597,-0.7551795,2.5606623,1.842468,8.155569,CLM_560indv
18.43622,-19.463173,6.5906076,-2.3393507,0.65386057,0.042764097,-0.5793879,-0.48655906,1.5730157,-0.6049699,CLM_561indv
24.03297,-10.869089,19.309534,0.17480777,-0.39721802,-0.0991182,-0.25622976,-0.036658768,-0.7973872,0.49467158,CLM_562indv
-2.5365589,-11.258959,8.808956,1.1311276,1.0718544,-0.08030923,5.024312,3.9618733,4.3406825,6.274887,CLM_563indv
25.617556,-15.6602,16.90095,-1.0725734,0.23959175,0.12735675,-0.6987857,0.46082163,-0.83104056,0.13264793,CLM_564indv
26.655138,-6.742751,28.292326,0.61753947,-0.033189368,0.9412998,1.1084896,0.5948632,-1.1464237,0.10129614,CLM_565indv
11.799739,-15.207137,9.804765,-0.27140236,-4.7485113,-3.4001546,2.014978,-0.53723794,1.136115,2.9451725,CLM_566indv
21.293858,-30.232273,-17.7139,-0.34269708,0.509047,-0.17388713,1.1223044,-0.46452087,-1.4228743,0.46014985,CLM_567indv
-0.03300128,-10.4829645,7.9962277,3.8292015,-6.9725494,10.45317,5.205452,14.46977,4.6272197,-3.497558,CLM_568indv
19.48237,-34.130405,-16.713408,0.56545997,0.3138159,1.0808386,-0.32363358,1.2755133,-1.4987442,0.16898787,CLM_569indv
22.497879,-18.770874,6.214332,-1.888611,-0.6175468,-0.49720973,1.0015569,0.9536726,-0.7390111,-0.059672143,CLM_570indv
21.679672,-20.009195,8.422909,-1.1736312,6.0851455,-0.030986698,0.76567256,-3.095483,-3.159282,0.05498741,CLM_571indv
24.807629,-12.486104,20.08477,-0.056390684,0.34003627,2.089848,-0.5144124,0.63400304,-0.23869328,1.809956,CLM_572indv
16.362398,-33.620346,-19.982166,-1.8258772,0.34157288,2.5137913,-0.9006368,-0.45155656,0.7632336,0.8159933,CLM_573indv
2.1678772,-17.971874,-1.2031028,-2.8109362,-1.0174831,-1.1312534,-1.8286123,-2.069721,2.6613154,0.6018507,CLM_574indv
-0.38840187,-28.061367,-24.406204,1.4304543,-5.2358146,0.9522751,-1.8450228,-2.007573,1.0869594,1.4365035,CLM_575indv
24.971691,-15.417666,13.069434,0.2693932,0.110605225,0.41023862,0.8014296,0.06784219,-0.1929878,0.7586958,CLM_576indv
16.489092,-43.72013,-31.298548,-0.81119317,0.24284567,1.395157,2.8561053,1.0111312,0.6529092,1.3952537,CLM_577indv
22.28191,-24.001417,-3.8945537,-0.87693393,-0.06502145,0.74808365,0.8443979,0.1446834,0.73244697,0.21268253,CLM_578indv
-18.545834,-13.809351,0.25077584,4.1452875,3.7373316,7.4873,1.4235345,-3.8513062,0.43128264,3.7375221,CLM_579indv
24.08404,-18.505266,8.912941,-0.13127404,0.07797315,-0.46448562,-0.41022864,0.45062166,-0.011928469,0.9492634,CLM_580indv
22.055716,-27.405542,-8.473337,-0.947776,0.35984394,0.26423335,0.032169122,0.7014892,0.33201334,-0.28699213,CLM_581indv
22.69758,-25.160698,-5.5841093,-0.23342139,0.35396355,-0.15354763,-0.2140411,-0.056985,-0.5603057,1.2345846,CLM_582indv
-22.517027,-21.649029,-14.293626,1.2506642,16.947659,-10.299937,41.183075,38.574703,11.790359,-35.98897,CLM_583indv
2.5457747,-12.640222,7.518511,1.2994366,2.5801585,4.027355,3.3562367,1.5683801,-1.3369932,1.2181237,CLM_584indv
19.913654,-27.671904,-10.555503,0.4687401,-0.23553261,0.67131084,-0.5724735,0.7037694,-0.104935534,1.3570861,CLM_585indv
18.33317,-18.978327,10.583209,0.4759008,-4.893718,-2.128336,-0.61050284,-1.6976308,-6.341991,-3.9258807,CLM_586indv
9.874458,-12.364223,11.801367,2.3758883,0.63164335,3.664829,0.3845398,-5.628627,3.3698313,6.733449,CLM_587indv
3.875272,-27.637754,-12.401026,2.1231546,0.48922563,-0.1279115,0.023145719,3.790198,2.8827696,14.427746,CLM_588indv
18.718756,-35.62755,-27.635702,0.9362993,0.64149654,0.22512658,0.5979912,-0.6828024,-0.83736235,-0.035771012,CLM_589indv
21.538738,-16.341106,13.329648,1.3199705,1.6708895,0.7918358,2.265335,-1.530055,1.2042463,1.6413288,CLM_590indv
-22.05958,-27.55894,-22.112892,1.1332946,-3.518378,-5.6233587,18.731085,11.043986,26.131313,-0.07031527,CLM_591indv
21.322845,-24.465948,-2.733355,-0.5439335,-0.18729316,1.9468249,0.30975163,-0.017846448,-1.2535824,0.61253035,CLM_592indv
11.205543,-30.18913,-14.61425,2.6018827,-1.4159043,-6.2708716,-11.283459,-14.6384945,6.951793,-20.309422,CLM_593indv
-31.865677,-5.1939096,6.6732693,8.483377,-2.4935591,9.722153,-10.949753,4.4559307,-3.137121,5.732396,CLM_594indv
18.770903,-25.627682,-3.2667274,-0.18904588,0.25223106,3.8807452,0.056500304,-5.5197387,3.29521,0.4395652,CLM_595indv
26.608711,-9.675052,22.551105,-1.3545473,0.59699273,-0.45216,0.32118648,1.289315,-0.2998347,1.5799791,CLM_596indv
21.167276,-14.335645,13.394534,0.9040599,0.020464558,-0.49984422,-1.5207102,-1.6946179,-1.2907948,1.4376149,CLM_597indv
19.305944,-31.976252,-13.059025,1.0731591,-0.39336133,1.3860372,-1.9846951,0.8936364,-1.3454907,-0.50575846,CLM_598indv
6.3428297,-19.914688,6.459851,1.1145009,-2.2673213,2.6989653,1.6599491,-0.261224,2.1317136,3.7894483,CLM_599indv
13.852344,-20.799227,1.8720299,0.668479,-1.7571877,-2.4144242,3.2114413,-2.3574853,-4.0643725,1.6702536,CLM_600indv
-11.2857685,-27.754196,-20.041405,-4.320694,-0.92240644,-0.96580327,6.7200594,2.511552,1.4353439,-2.2917814,CLM_601indv
-5.692817,4.93439,40.801487,4.562457,13.248013,-7.1474233,-8.534186,-9.043138,8.900671,-10.133061,CLM_602indv
13.331207,-28.40853,-15.092156,0.05650303,1.6705896,-0.53917146,-4.8291216,-1.7253764,1.2661166,-2.4899802,CLM_603indv
18.726679,-35.529392,-21.934336,0.26140133,0.48805085,1.0115168,1.0637599,-1.2091666,0.40434128,1.2041608,CLM_604indv
25.275776,-7.048182,18.977667,0.5156891,-0.04732765,0.53973764,0.6846582,-0.9248549,0.00017261831,-0.24822274,CLM_605indv
5.685989,-13.455131,9.008654,-0.08975621,-2.5244558,-0.28694516,-3.4311268,-0.62170786,-1.6464865,1.172495,CLM_606indv
22.512793,-21.983465,3.0657213,0.41514647,0.042092558,0.4490572,-0.10596753,0.54956156,0.26242578,0.0049453834,CLM_607indv
-36.65992,-6.9064536,4.183254,6.7175093,-6.6225066,7.1324654,-6.638189,-1.4215269,22.685833,5.2266264,CLM_608indv
17.575716,-27.126633,-6.002968,-0.87725013,0.054318942,0.6733814,-0.46912503,-0.6693405,0.63651496,-0.41222385,CLM_609indv
0.5819946,-23.907694,-11.657745,5.4592943,-9.865609,-8.47179,-6.6642103,-3.1409554,0.3817954,-5.384041,CLM_610indv
3.1303356,-32.004208,-24.292007,-0.8767805,-4.081024,1.9049567,3.0593052,2.5157409,1.3013184,-2.558933,PUR_611indv
13.429006,-25.813404,-4.85579,1.865595,-7.4213076,2.537181,4.2487154,2.0258644,2.7630527,4.263368,PUR_612indv
18.771202,-37.8554,-29.895487,-0.76210874,0.8310227,-0.04790176,-0.48072731,1.4054343,0.037485383,1.3509067,PUR_613indv
18.060091,-40.081223,-26.257256,0.27970952,1.8140668,0.9547695,-0.50444376,-0.60677385,-1.4963944,0.66520095,PUR_614indv
17.723526,-20.161358,8.157416,1.8348322,-2.218809,0.4853418,-1.6963797,-1.0944837,-1.2422127,-1.1006788,PUR_615indv
18.746487,-43.034977,-35.627438,-1.0645971,-1.0491055,0.8634302,-0.14310259,-1.1338177,-0.28074712,-0.017504461,PUR_616indv
18.895645,-33.58113,-22.638664,-0.43775284,1.8385898,0.52004147,-1.8247193,1.8996224,-0.41284198,-2.5308013,PUR_617indv
18.252394,-27.696697,-11.255823,-0.1510813,1.2843727,-2.708255,1.7495174,0.40187237,-1.59084,1.1498557,PUR_618indv
20.22012,-34.452934,-18.334793,-0.62679166,1.0360183,0.14924002,0.94052225,-0.7306903,0.37092945,1.6248263,PUR_619indv
18.18644,-42.053932,-32.750282,0.4079233,-0.5173527,-1.6138119,0.5679243,-0.23072048,0.25751224,-0.390475,PUR_620indv
18.939423,-8.17895,24.657692,0.2561906,-1.471297,-1.1390133,-0.6099756,-0.862215,1.8587924,4.233211,PUR_621indv
9.690183,-39.92658,-30.81595,-0.38315478,-1.5855073,-4.858042,2.516664,3.7553172,-0.5406358,-5.5129976,PUR_622indv
14.273558,-32.729282,-16.417963,-1.9361935,0.5444445,-0.12880263,-1.8197615,-0.6495895,-2.5866873,1.5678678,PUR_623indv
24.55571,-19.420551,8.656442,0.11196549,0.4311262,-0.25399908,0.6732902,3.216586,-1.6042001,-0.4121513,PUR_624indv
17.539999,-43.20356,-33.922367,1.2930701,1.2065626,0.18473805,0.39268592,-0.42678043,1.2748982,-0.3192328,PUR_625indv
8.490496,-41.68498,-33.150475,-2.3216114,-2.0938978,-3.0500712,-0.17440341,4.34459,-3.741744,-3.6807072,PUR_626indv
3.596286,-38.110386,-31.04044,-0.85475427,1.6717937,-1.2795516,-0.49560645,-0.77699435,6.7125697,-1.7802775,PUR_627indv
19.226814,-30.78819,-7.7961273,-0.94591683,-0.123999864,1.6523156,0.016811451,0.97994035,-0.7778486,0.6816215,PUR_628indv
21.665125,-22.987572,-0.16152728,-0.14475827,-0.012780454,-0.07797022,0.38141298,0.08178448,-0.30679533,1.7567885,PUR_629indv
19.919525,-37.428543,-27.540874,-0.07095631,1.0331347,0.7802753,-1.4941863,-0.06697985,-0.43834218,0.42071778,PUR_630indv
-7.9190536,-25.037897,-15.063984,3.0364757,7.6739125,-4.0819645,-2.0240672,-3.9372156,-3.502163,-4.4807134,PUR_631indv
23.05208,-21.782545,2.9621372,-0.75241256,-0.0033329118,-0.4643103,-0.67817414,-0.7723122,-0.7617853,-2.2743833,PUR_632indv
20.52791,-14.024613,11.792366,0.39196205,-1.2425289,-1.5151098,1.3069992,0.37951416,-2.1285596,1.2813255,PUR_633indv
7.8290486,-30.50883,-16.44916,2.3552747,-2.995894,-7.5943427,5.526501,-2.8544948,-6.3034663,1.5561417,PUR_634indv
19.714752,-37.120113,-20.475967,-0.68838257,1.5771533,0.60377896,2.155844,1.1754237,-1.1932694,-2.1993535,PUR_635indv
-23.548439,-18.465683,-12.637217,8.186247,-0.25429803,-7.4538727,7.3050547,6.62782,-0.42106986,1.2240863,PUR_636indv
-21.562412,-26.85197,-22.345825,0.74859047,12.304584,-5.119714,1.234337,5.667841,25.100523,-3.2101598,PUR_637indv
-23.967062,-17.382896,-4.9108634,4.1965175,2.8543706,3.9067585,-22.116304,10.618226,9.601994,-7.1512384,PUR_638indv
18.581139,-38.18677,-28.173061,-0.6805109,0.4503024,-0.8209529,0.016937643,0.6578695,-0.8879808,-0.73675966,PUR_639indv
18.127047,-36.50605,-23.864819,-0.83446485,1.603357,0.3697263,-0.50640655,0.13551784,-0.06149512,1.7202125,PUR_640indv
-54.292236,-6.7558475,1.3074464,2.4729128,-22.419046,-16.73037,-0.87865674,-17.43299,2.5016901,22.512432,PUR_641indv
18.790909,-37.300507,-26.740768,1.5221238,0.79030716,-0.8464458,-0.04949234,-0.5978857,0.0935098,1.0473802,PUR_642indv
19.909483,-39.278862,-26.46885,-0.70947915,0.6214309,-0.5432769,-0.056397572,1.6242491,0.46871015,-0.31806442,PUR_643indv
16.540928,-33.801746,-14.354378,1.2181152,-1.2574594,2.8820474,0.61560917,-0.2693837,-5.5419164,-2.069896,PUR_644indv
12.434148,-26.533104,-11.121059,-2.4735026,1.509554,-4.0208473,0.91020834,2.421837,-0.83525974,2.765061,PUR_645indv
-3.6896646,-22.827908,-7.9236746,-0.32744196,-5.530446,-8.439329,1.3508286,2.9929943,-4.4121065,2.5432787,PUR_646indv
17.476212,-35.014397,-21.072943,-0.5938812,0.17604084,0.8398429,-0.03428873,0.81660295,0.46769574,0.47528455,PUR_647indv
16.813938,-37.81288,-26.228142,-0.43115848,0.45358798,0.18504913,1.3669538,-0.10758842,-1.6039395,-1.3163234,PUR_648indv
18.002604,-41.49983,-33.29192,-1.0531226,0.9674262,1.461028,1.0595104,-0.099272534,0.77573496,0.37903395,PUR_649indv
22.573442,-20.955297,1.8490713,-0.9763965,0.72381353,-0.9892775,0.3405422,1.3944474,-0.55243796,1.1785799,PUR_650indv
17.577816,-44.005493,-33.135094,-1.1269869,-0.085649796,-0.23401852,-0.49516937,0.26658866,-0.33227935,0.050394353,PUR_651indv
20.536058,-33.071033,-17.448593,0.443984,0.4845211,1.5389563,-0.5598686,-1.0464841,-1.3137171,2.0807898,PUR_652indv
-39.97097,-16.216475,-15.723566,6.5246377,6.7004986,-5.3174815,8.587281,-2.684688,9.101567,-2.1311607,PUR_653indv
2.7442336,-30.377728,-17.116598,-7.7557907,0.111925974,7.560346,-2.2034686,2.6324093,0.27034035,-1.3038441,PUR_654indv
-14.283759,-24.136911,-17.418243,2.9693384,-2.6083364,-18.43383,5.6557755,14.097759,-0.28657568,-10.257919,PUR_655indv
17.944962,-35.471558,-19.324047,-0.71426624,0.2820165,-0.006452072,1.401705,-1.9611001,-0.71464556,1.1611885,PUR_656indv
23.660156,-31.064165,-13.318167,0.86688626,2.5960536,6.30447,0.1599954,1.3319933,3.9304037,0.8790303,PUR_657indv
21.477919,-27.108042,-5.0184665,-0.66520256,-0.097460866,0.66183466,0.1689875,-1.5063374,0.48080498,-0.87542665,PUR_658indv
24.737463,-9.542072,23.538946,-1.3683258,-0.32126892,-0.0057327533,-0.40055865,-1.214001,-1.9193274,2.570482,PUR_659indv
17.345522,-39.184284,-28.59243,-0.24490142,0.0016349703,-0.79837817,0.5198186,0.65811056,0.6172552,-0.35840598,PUR_660indv
17.116608,-39.82569,-31.357573,0.28646845,-0.19956581,-1.0461423,1.1812443,-0.7559845,-2.3767254,1.1243844,PUR_661indv
18.260733,-39.335583,-28.949917,0.26713207,-0.45422962,-0.49538592,0.51049674,0.15414126,0.7151612,-0.31936544,PUR_662indv
20.778116,-30.448902,-10.669039,-1.2662665,0.3191644,1.2664042,0.64733154,0.61587113,-0.6656718,-0.25478885,PUR_663indv
19.840706,-40.560745,-27.408842,-1.0475839,0.29344583,0.21054323,1.5728585,0.30344433,-0.08381019,0.16559412,PUR_664indv
13.796094,-33.617634,-31.435335,0.49649313,0.1397853,-0.86626005,-0.33302224,-4.328144,-0.31441972,-2.360525,PUR_665indv
22.404892,-25.85785,-2.651878,1.3992666,0.69722044,0.38499847,0.9428852,-0.020602433,-0.66166925,1.0220447,PUR_666indv
5.368386,-35.854355,-27.019316,3.726359,4.798578,8.852621,-0.036355548,3.5946937,5.8595824,1.5212198,PUR_667indv
-25.770847,-21.562551,-12.226039,1.154829,-2.872558,5.381116,-20.973953,14.062627,-4.650225,7.594894,PUR_668indv
-11.010317,-14.778787,0.8927468,9.089281,-19.406656,-9.268845,1.5479757,0.25605398,-8.90319,9.740188,PUR_669indv
-0.31495953,-19.776453,-1.8114206,2.1298122,-6.0568852,-3.381757,7.363789,6.0391817,6.274834,-2.1050823,PUR_670indv
4.2317476,-18.978472,-0.9065129,1.7094147,1.2826234,-0.67564356,2.97592,-3.6134434,5.050383,3.8292534,PUR_671indv
20.152794,-32.21785,-18.336866,0.8142261,1.1020614,2.4639955,-1.8402086,-0.7658667,1.4408638,-0.032150254,PUR_672indv
14.803594,-34.054047,-31.159014,1.1740502,1.9373306,3.2490802,1.7051445,-2.329475,0.17847079,1.6599946,PUR_673indv
14.50128,-22.574028,-0.5958325,-2.6718051,-0.31735504,0.9782349,0.41905168,2.8592417,1.7548032,-2.5340927,PUR_674indv
18.674961,-44.145718,-32.711006,-0.082147785,0.121313326,2.3185744,-0.46084854,-0.6406825,-0.10377794,-0.08668093,PUR_675indv
24.590359,-24.394003,0.4053454,-2.2082982,-1.0566285,0.5947449,0.1973732,-0.5020925,-2.3030574,1.0620346,PUR_676indv
-10.731028,-30.963396,-21.625328,2.6220255,-4.7713614,0.38934016,-0.026344387,-0.39100784,5.2952495,-1.4094805,PUR_677indv
-9.048616,-25.044125,-20.050512,3.3405735,-7.8330793,5.7706866,-14.566582,2.3831465,5.9614134,5.320283,PUR_678indv
16.290525,-41.350002,-33.444283,-0.06439657,-0.06576979,1.3577442,-1.8594084,-0.6960925,-1.0400629,1.1991899,PUR_679indv
-4.607888,-19.965876,-6.6346188,2.39067,12.465679,-8.31688,-0.06407014,-10.586635,-11.806513,13.624044,PUR_680indv
9.042541,-26.895533,-13.694616,-4.8408694,-0.8566194,3.5494235,-2.3938913,1.1491166,2.9362786,1.7648244,PUR_681indv
-9.491277,-25.39356,-15.768363,1.7823869,-2.903931,-0.61130244,2.7569487,1.8419008,11.787717,-14.314275,PUR_682indv
-18.427559,-23.6361,-13.663938,5.130914,11.977968,-1.0090721,-4.4382277,-12.720608,-7.6304154,6.5289865,PUR_683indv
10.431545,-34.11308,-22.184175,-3.4895356,-0.3837996,0.222532,-1.0031308,0.8444342,1.6229867,-2.1731021,PUR_684indv
20.637012,-28.079073,-9.700333,0.08284993,0.09952848,-0.047649805,0.17688899,1.5227242,-0.5934063,-0.083040014,PUR_685indv
21.227623,-20.647072,4.8017845,-1.7304604,-0.8988683,-2.1594985,1.5795524,1.4786265,-1.8536825,1.1909562,PUR_686indv
12.459468,-25.018375,-10.722567,3.0760937,-0.25228518,2.9943466,-8.267724,-4.9403944,1.3080444,-11.739585,PUR_687indv
9.873427,-35.330753,-23.711493,3.0685947,3.0580945,-0.53174055,-0.96865964,-5.6795835,2.5959256,4.0277467,PUR_688indv
17.913616,-41.09893,-31.00194,-1.2490171,0.76873904,1.9354624,0.58747363,1.456804,-0.3188371,0.47399616,PUR_689indv
7.3362117,-31.607935,-17.91619,0.29292092,2.6052072,-5.0217957,-0.8122039,-0.074249886,-3.6642675,0.5707259,PUR_690indv
9.258463,-29.092213,-13.90946,-0.096734464,0.5170949,-0.9360297,-2.8907707,3.5492654,3.6686802,1.1687607,PUR_691indv
21.933416,-26.211033,-8.612981,0.5872161,1.2168362,0.015646894,0.32420397,-0.22557282,0.4364366,1.1677986,PUR_692indv
9.426433,-37.247826,-32.575775,0.7160975,5.162261,0.2994875,2.44287,-2.611951,-1.9677368,5.5256486,PUR_693indv
-45.774223,-14.557313,-10.017886,-51.702457,-8.12915,-14.164788,-4.461054,-18.803274,19.53638,18.158266,PUR_694indv
20.490637,-30.520544,-10.486646,0.36429137,1.4383296,0.17670104,0.019928077,0.27496728,0.23966543,-1.3919505,PUR_695indv
10.189166,-36.572865,-23.915033,1.4239146,-0.40758017,-0.0070537557,-0.37126815,-3.8550324,2.1586719,2.2819304,PUR_696indv
-5.083801,-31.001522,-26.217602,3.5893843,5.968494,4.02113,2.4210913,17.42021,1.1526668,-3.7945037,PUR_697indv
21.813877,-26.431963,-5.1540804,0.49296656,0.39328614,-0.17889746,-0.838616,-0.9092016,-0.10986514,0.4581254,PUR_698indv
-15.9615755,-19.949417,-9.020448,5.656077,-8.540921,-6.8775105,-2.7824557,-15.909575,0.24819414,-4.268883,PUR_699indv
19.4222,-25.547848,-4.372997,0.9067965,0.7387428,1.3829789,0.66204387,-0.84054005,0.5211573,0.34939837,PUR_700indv
13.647949,-34.356293,-18.144068,2.1601496,-0.6138515,-1.6904993,0.16392209,0.35484803,-2.9379022,2.3479962,PUR_701indv
-37.707664,-14.705655,-14.293351,-5.021657,8.2166195,-2.1260242,17.194416,-15.809829,11.126139,12.132971,PUR_702indv
18.736576,-41.41479,-27.927124,0.31715533,1.3964646,-1.2920493,-1.4505699,-1.9791093,0.26480925,-1.9530213,PUR_703indv
21.025291,-20.585476,4.403533,-0.42470342,0.8658366,-1.589286,1.3121475,0.022148315,1.763152,-1.5098002,PUR_704indv
20.861582,-34.978745,-20.41824,-0.26819828,1.1711062,0.08543611,0.33892053,0.22359638,0.010024964,-0.15304516,PUR_705indv
-69.2851,-6.172076,-6.0749326,-24.554203,-0.47726828,15.998687,14.031607,22.73996,-4.639379,-25.009567,PUR_706indv
3.9041905,-31.304482,-19.738676,1.0585175,-6.8753147,-24.6072,6.631368,-1.5260922,-15.6262455,-3.5216491,PUR_707indv
-7.119813,-21.46761,-8.773946,2.7578816,-5.328421,5.6915994,-3.9149096,-10.238397,-14.050206,-4.452299,PUR_708indv
8.635293,-15.914984,5.0728455,-0.06694441,-3.0844138,1.0725335,-1.9677,2.056249,3.3715808,1.7287856,PUR_709indv
2.507154,-34.558228,-22.35052,4.392806,-11.895705,2.3133366,-17.593912,18.237398,-9.788865,6.831638,PUR_710indv
1.3663988,-26.11065,-12.238274,-0.8837069,-3.686062,-2.920902,-0.64945984,2.4990773,-0.6291142,3.9283276,PUR_711indv
26.19154,-8.441303,31.959917,0.19442028,-0.64860785,0.5795426,-0.6958886,-1.0361317,-3.0473564,0.61650586,PUR_712indv
-19.763138,-19.855604,-5.6139007,-21.323366,15.684322,0.7005023,5.411506,-11.585742,-3.641151,7.1716394,PUR_713indv
15.362284,-36.46436,-19.77337,-0.74380106,0.095617205,0.8634455,-2.5228014,3.2178164,1.7563931,2.4349399,PUR_714indv
