PC_1,PC_2,PC_3,PC_4,PC_5,PC_6,PC_7,PC_8,PC_9,PC_10,Samplename,Subpopulation,Superpopulation,Gender
16.4323,-29.242134,19.326572,0.8638604,-9.837476,0.79970896,-6.3062816,2.2619991,-3.2732787,3.4778254,HG00551,PUR,AMR,female
-19.069355,-17.207943,2.010806,-19.935228,-50.794056,-1.8492132,-33.391678,0.1982265,11.762318,-12.016802,HG00553,PUR,AMR,male
13.379521,-30.600433,21.550081,-6.342603,-19.452564,-1.8010548,-1.6310437,-0.89916706,-4.976754,14.129907,HG00554,PUR,AMR,female
3.6970565,-21.235283,10.60952,2.7139368,-9.576406,-3.9798372,-1.1812048,2.561502,1.941564,13.280294,HG00637,PUR,AMR,male
-2.3705559,-15.0509,-1.0659329,-12.432707,-23.812365,-0.8079986,2.5613918,-2.7955775,-2.7121255,19.167591,HG00638,PUR,AMR,female
17.929955,-28.607073,16.93011,-8.730243,-20.012829,-5.6435323,-3.188509,-1.2775816,-1.3772352,-1.2543072,HG00640,PUR,AMR,male
6.578643,-27.969496,17.748686,-25.507324,-24.917105,15.050168,19.643665,-23.598202,-7.6901217,-5.4552183,HG00641,PUR,AMR,female
15.529892,-35.287945,27.189411,-6.3925085,-15.870391,-2.7883523,-9.190709,1.5036314,5.5743117,-3.553431,HG00731,PUR,AMR,male
15.440356,-30.609432,21.933468,-7.6670513,-22.686184,-4.7161593,-4.7793126,-6.2516174,-4.2774477,-0.7519806,HG00732,PUR,AMR,female
0.81723845,-23.23328,12.958395,-12.273386,-23.14209,-8.947743,-8.07582,3.3507438,5.7369366,7.306477,HG00734,PUR,AMR,female
18.308342,-29.307106,17.808447,-14.295729,-32.11522,-6.196231,-0.75857717,-2.868752,-1.1587682,8.712549,HG00736,PUR,AMR,male
10.822852,-26.46407,13.061217,-3.461004,-13.766216,-0.01487094,2.7906086,0.8348807,2.6671891,2.764833,HG00737,PUR,AMR,female
16.914679,-30.792128,26.85223,1.6288562,0.7743949,-0.64741766,-0.22711284,0.8034339,2.1798785,-2.7020893,HG00739,PUR,AMR,male
11.788739,-21.369377,7.348076,-8.0582,-27.172907,-4.6351943,5.654461,-1.8751082,5.3406496,0.8920828,HG00740,PUR,AMR,female
10.916068,-29.486315,22.20152,-10.415299,-30.308062,-9.0996685,-6.3772883,0.5082837,2.7746477,-1.4367751,HG00742,PUR,AMR,male
13.29469,-29.874168,16.976767,-15.88108,-36.825783,-5.680716,-0.5401771,-5.695129,-2.1845255,4.4235163,HG00743,PUR,AMR,female
16.249979,-33.663322,25.046076,-19.35456,-49.938812,-8.385424,-1.2938403,-5.9633827,-2.57398,0.02363386,HG01047,PUR,AMR,male
17.70362,-13.44287,-9.375103,-8.060358,-34.82763,-6.3911667,-2.5927095,-2.0851827,-4.0485487,2.9224176,HG01048,PUR,AMR,male
-27.165676,-9.813381,3.9877074,-7.7713757,-7.914983,2.8226185,-3.1534553,3.6765225,-23.300972,14.30429,HG01049,PUR,AMR,female
8.567606,-22.708117,10.55721,-4.5907016,-23.064138,-5.7479205,0.5746631,1.4748198,-1.83797,2.6220276,HG01051,PUR,AMR,male
-2.8016021,-23.655998,16.296457,8.696895,-11.779233,-5.512532,1.9869206,-0.81896687,-18.85598,29.597475,HG01052,PUR,AMR,female
14.836917,-25.549213,3.5041552,-13.787488,-37.099396,-5.9383674,-6.801655,-0.80648786,9.059723,-6.0840015,HG01054,PUR,AMR,male
11.209071,-24.838213,10.597664,-19.195126,-51.08879,-3.695196,5.237408,-12.202587,0.4254713,-0.039460845,HG01055,PUR,AMR,female
15.847212,-21.328497,7.5633235,3.1866503,-2.110155,-5.5106845,-0.63287765,2.9850724,1.6751457,-5.3364434,HG01058,PUR,AMR,female
17.022814,-32.528004,22.861496,-28.323872,-69.03166,-13.971864,-1.8475968,-6.0491433,6.1805086,-8.783479,HG01060,PUR,AMR,male
9.95451,-28.778023,23.136126,-8.05492,-13.190283,-0.41021296,1.669685,3.5531907,1.9378947,2.4358175,HG01061,PUR,AMR,female
-13.41955,-23.019644,18.631496,2.093403,8.80705,2.5877855,-12.157145,10.149787,-2.4122846,8.276222,HG01063,PUR,AMR,male
16.12044,-23.595913,6.2075644,-35.77026,-91.05105,-18.00282,-4.2157636,-4.9523168,4.7626348,-6.7586565,HG01064,PUR,AMR,female
19.298637,-20.298107,1.8144855,-10.283623,-19.805973,0.54007846,3.7241282,-7.1310863,-11.23889,4.977694,HG01066,PUR,AMR,male
14.62717,-32.222595,24.2813,-13.261824,-31.017351,-5.551372,3.6139112,0.0027034394,-2.9960368,-4.530594,HG01067,PUR,AMR,female
16.443016,-27.76492,19.339201,-5.1369286,-3.6989517,2.0322788,5.5745964,-3.2293088,-0.117400296,-0.066616885,HG01069,PUR,AMR,male
12.627846,-26.08532,14.02038,-15.493909,-39.750755,-9.229302,-3.7140014,3.6803577,1.1055498,-2.06516,HG01070,PUR,AMR,female
18.243923,-26.242403,9.134307,-39.690563,-96.186516,-18.122076,-0.50525683,-10.372183,7.5510964,-9.187097,HG01072,PUR,AMR,male
9.413333,-15.758266,-5.052481,-33.586163,-68.85341,-6.5552697,-0.43427473,-15.262279,-16.534805,30.6066,HG01073,PUR,AMR,female
18.571863,-29.446909,20.4654,0.70357597,-4.066303,-2.542131,-1.3493006,3.5381916,1.5171067,1.642616,HG01075,PUR,AMR,male
16.588203,-28.467764,17.539509,0.66495615,-11.06474,-3.3832653,-4.234647,-1.5232532,-4.119095,8.349139,HG01077,PUR,AMR,female
16.572264,-28.46007,20.987226,-4.1629887,-2.440197,1.1927367,4.1273904,-4.6150804,-0.9960898,-3.5012786,HG01079,PUR,AMR,male
15.861126,-28.317797,15.61264,-16.96846,-36.55533,-1.9981736,2.935916,-4.4020123,-3.9635348,-3.60928,HG01080,PUR,AMR,female
24.759857,-14.814943,-23.3132,-29.729929,-76.57131,-30.713234,-10.645743,3.3764162,-3.2606158,-3.2041728,HG01082,PUR,AMR,male
-11.731541,-18.629618,8.742184,-34.066982,-77.84902,-5.307524,-3.5680413,3.168556,18.008581,-9.712967,HG01083,PUR,AMR,female
17.84446,-23.167395,10.808392,-3.6178875,5.5252237,7.730407,11.402741,-15.065103,-11.859094,-2.3453708,HG01085,PUR,AMR,male
17.562948,-25.6161,14.675112,-19.653028,-32.55979,-3.1880462,6.179981,-5.49418,-1.2172776,-4.8107657,HG01086,PUR,AMR,female
-6.903489,-24.86379,19.751253,-16.516796,-27.228346,-5.3304114,-6.085848,-0.3732335,13.097497,4.1436872,HG01088,PUR,AMR,male
12.00347,-32.995724,26.629637,-10.792398,-32.66268,-5.256787,1.0024605,-3.2449317,3.0406568,1.0569971,HG01089,PUR,AMR,female
1.1164229,-18.892284,5.46674,-3.3385346,-8.0616045,-4.986644,3.1517274,2.6349134,-5.08564,2.1096241,HG01092,PUR,AMR,female
6.9490433,-26.803198,15.994324,-28.900732,0.70088905,31.732155,45.46668,-61.059067,-30.164883,-15.473144,HG01094,PUR,AMR,male
12.153616,-33.727093,28.479404,-23.946066,-46.005672,-6.4165516,3.8821275,-13.296459,4.1055174,-6.5355,HG01095,PUR,AMR,female
10.821245,-27.499119,23.029118,-21.732122,-38.680477,-9.5935,3.803655,-3.2575998,0.16047573,-6.763812,HG01097,PUR,AMR,male
2.043563,-23.09803,5.300678,-18.985395,-22.28793,9.101494,17.629665,-26.108114,-8.651195,-7.8878355,HG01098,PUR,AMR,female
-12.211596,-15.582367,6.488865,2.204134,-17.731894,-6.1472297,4.840808,-5.523298,-30.243853,35.435307,HG01101,PUR,AMR,male
-30.04954,-21.783207,17.013903,-100.175064,40.631504,126.48776,162.39491,-159.90854,-70.339584,-49.753635,HG01102,PUR,AMR,female
15.373042,-30.921108,20.847532,-3.3834321,-7.7326317,-2.8245049,-0.88293487,0.11722244,-1.5745361,4.6539574,HG01104,PUR,AMR,male
14.975583,-29.374573,23.767101,-3.3744173,-7.6984363,-4.4664483,-1.2425058,1.8846562,1.510218,-1.514302,HG01105,PUR,AMR,female
9.949309,-32.328274,24.229208,-0.33490664,-22.210363,-8.407039,-4.58366,-3.2400548,-0.039107062,2.5152385,HG01107,PUR,AMR,male
-50.347443,-8.208871,5.9293437,27.145609,-12.341811,10.509196,1.9656457,-20.722027,3.7331083,9.626576,HG01108,PUR,AMR,female
18.405085,-14.499333,-9.122712,-1.886693,-6.0025744,-1.2531638,-2.0741477,-0.53851146,0.43710726,0.3031199,HG01110,PUR,AMR,male
17.005438,-20.917603,3.5146577,-4.6318145,-9.269349,-2.294557,-3.1063683,-0.06974683,1.0303583,-4.276748,HG01111,PUR,AMR,female
16.981365,-32.893948,27.311077,12.502879,27.080275,-0.32151482,-6.18267,10.337023,5.7629514,4.6278133,HG01112,CLM,AMR,male
18.416458,-18.63908,2.0598536,8.854696,17.659092,0.021906193,-3.6985662,4.7335033,2.5855236,-0.2105891,HG01113,CLM,AMR,female
20.795279,-13.083154,-12.413684,6.9358416,13.809695,0.5866526,-4.0543275,5.949934,0.06227801,-2.7385068,HG01119,CLM,AMR,female
22.165657,-14.448231,-14.703362,10.718601,19.261396,0.9130674,-3.0167823,5.3846474,2.5064538,1.1025889,HG01121,CLM,AMR,male
13.020448,-8.84233,-14.757348,3.3288167,7.5098143,2.8652523,0.01722695,0.9956276,1.313158,1.654354,HG01122,CLM,AMR,female
16.276367,-25.363241,12.229145,10.851793,16.429321,-1.1909165,-6.836297,4.4975147,4.829646,-1.4400705,HG01124,CLM,AMR,male
13.7662525,-26.294691,17.207813,6.355174,9.188763,-0.8371457,2.051262,2.0104675,2.8199465,-1.812074,HG01125,CLM,AMR,female
15.807182,-21.563454,8.808613,5.5975842,11.038232,-1.9991277,-7.8114486,6.2281175,4.821071,-2.3053353,HG01130,CLM,AMR,male
7.4270945,-21.118818,5.0801716,4.704775,12.674723,3.6029325,-5.9698534,4.9417877,6.7228394,-1.6451806,HG01131,CLM,AMR,female
22.097265,-10.549978,-25.900003,7.534939,16.192034,1.6647595,-0.62746006,3.3173313,3.5946198,-3.8112993,HG01133,CLM,AMR,male
17.681362,-34.4691,28.751467,16.349306,38.297405,4.4511466,-2.4353282,5.519048,4.4021945,4.171183,HG01134,CLM,AMR,female
-7.43119,-8.845958,-13.721377,4.76924,7.6851287,-3.586666,-3.148671,0.49444467,0.39186728,3.4963102,HG01136,CLM,AMR,male
9.772445,-10.532747,-13.759743,4.3199553,12.811404,-1.1130455,-6.8500614,6.973717,1.3413472,0.51295644,HG01137,CLM,AMR,female
15.330483,-22.966572,9.1427,9.938502,14.680337,-1.6552677,-4.5614986,7.989097,-4.771893,-2.984633,HG01139,CLM,AMR,male
20.521551,-19.378166,-1.5317458,6.8469424,16.261656,2.815833,-0.6039172,0.8216633,0.33492827,-0.46913686,HG01140,CLM,AMR,female
-4.539309,-16.733698,8.757619,10.422335,18.450012,-5.625996,-12.195849,1.4674054,-9.807348,-1.1970104,HG01142,CLM,AMR,male
18.888803,-24.772583,9.261587,15.506822,29.01186,-0.65120983,-7.4966083,8.768357,3.139671,6.7967114,HG01148,CLM,AMR,male
19.86464,-19.31643,-4.5478516,9.16727,19.828358,2.395362,-0.6669689,3.5737445,1.532809,-2.1164212,HG01149,CLM,AMR,female
14.0880165,-27.214546,12.481732,-5.442032,-17.058262,-3.177992,-2.0422237,-1.6542954,0.04207317,-3.0928378,HG01161,PUR,AMR,male
10.556783,-21.453444,10.40138,-10.977608,-20.41971,-2.1566598,-0.37503055,1.9768732,1.0068554,2.7846804,HG01162,PUR,AMR,female
18.154879,-24.993391,6.571372,-35.248817,-86.8512,-17.960154,-2.5601232,-7.6896887,4.3021784,-10.536226,HG01164,PUR,AMR,male
3.2258618,-29.75967,18.193438,-18.875072,-36.00479,0.13109437,-2.2515345,-6.176161,-6.1802106,-3.4172952,HG01167,PUR,AMR,male
13.086931,-26.224968,16.922783,-12.115242,-32.97404,-15.649451,-10.237142,-0.5648954,4.9880466,-1.5993514,HG01168,PUR,AMR,female
2.7871208,-23.116213,12.738603,-1.4933593,-9.788332,2.1652255,-11.479465,0.9755289,0.9596499,-6.40073,HG01170,PUR,AMR,male
17.58172,-20.847618,-0.010724958,-15.587179,-46.803696,-15.96066,-6.8336496,-0.94042736,-1.2615238,-1.7925702,HG01171,PUR,AMR,female
10.528824,-29.549578,24.171549,-16.240622,-28.099052,0.32845092,10.378744,-18.53707,-1.069802,-6.698756,HG01173,PUR,AMR,male
13.62345,-32.456978,24.8846,-46.306946,15.044346,60.320793,87.75545,-88.29321,-38.095554,-25.448122,HG01174,PUR,AMR,female
9.101483,-21.821356,7.5135126,-8.460657,-12.610342,-1.9150352,-0.43343827,4.637486,2.3299344,5.1522684,HG01176,PUR,AMR,male
13.457424,-32.303978,22.524183,-17.330557,-41.94655,-4.400005,2.3668077,-5.110612,-1.8355308,-2.0359204,HG01177,PUR,AMR,female
9.826672,-30.391169,20.759502,-7.0441914,-13.296542,0.8591419,3.9556494,-4.981254,-1.9288765,-8.560979,HG01182,PUR,AMR,male
9.183129,-33.503548,23.622414,-19.297092,-47.16258,-11.712637,-5.136896,-2.7551312,8.46039,-5.6484604,HG01183,PUR,AMR,female
12.310782,-12.628701,-8.013592,-25.272722,-59.481857,-21.38298,-1.3462232,5.467939,-0.6560107,-5.9486594,HG01187,PUR,AMR,male
-6.62917,-24.518385,17.05895,-5.24483,-24.029167,-5.893018,1.4400548,4.8510046,-0.10679987,1.9261526,HG01188,PUR,AMR,female
3.0208726,-30.479269,22.495712,-15.169106,-33.529705,-0.36471236,-5.7400994,1.2728341,-2.2430298,-6.864064,HG01190,PUR,AMR,male
0.44296992,-9.899806,-10.44352,-30.657408,-68.01714,-6.4616666,-9.117332,-1.802369,10.913295,-11.896706,HG01191,PUR,AMR,female
12.672464,-15.81782,-8.459895,-17.76009,-46.429646,-7.9818087,-1.6071371,-7.6887655,-0.55290514,-2.8607807,HG01197,PUR,AMR,male
-0.46634662,-21.213667,9.664997,-15.310097,-18.053564,9.17343,22.918146,-21.044977,-23.39297,11.411258,HG01198,PUR,AMR,female
14.978932,-22.594585,11.490489,-0.7595881,-5.5364013,0.83600247,-4.9775796,0.4974554,-0.16197059,-1.8058105,HG01200,PUR,AMR,male
17.035864,-26.523933,13.82605,-11.17832,-18.139294,-1.1044719,4.9614573,-9.38776,-1.4937205,-5.0461307,HG01204,PUR,AMR,male
16.4318,-28.806738,21.10389,3.646008,3.3101506,2.9125814,0.67171687,-0.65598637,-5.595558,3.3570473,HG01205,PUR,AMR,female
-37.057266,-12.9494,12.624091,5.1408963,-9.821109,9.5311,10.046228,4.8462033,2.965562,-11.574017,HG01241,PUR,AMR,male
-76.67104,1.6756786,0.95789224,23.169338,-3.2577703,-16.756266,15.092296,19.180634,7.4416895,-24.465141,HG01242,PUR,AMR,female
-5.41796,-23.240625,12.433905,-22.775375,-48.74019,-4.5460324,-3.6299596,-12.093545,-26.512573,52.19639,HG01247,PUR,AMR,male
11.008297,-30.303978,24.125586,-0.61363524,-8.707306,-4.7586684,-0.32179764,2.284829,4.3858767,-2.1296647,HG01248,PUR,AMR,female
18.859627,-23.512793,12.469558,9.787798,17.754093,0.56265795,-1.6143804,5.659628,2.1857827,1.4050018,HG01250,CLM,AMR,male
19.896204,-14.8000765,-11.850476,8.004171,19.89581,0.98130625,-4.6679626,5.629014,3.3685417,-1.052668,HG01251,CLM,AMR,female
15.274152,-27.74984,15.908175,6.3046694,11.110947,-1.2654263,-0.5031439,-0.17406099,2.7987802,-1.8827053,HG01253,CLM,AMR,male
9.396545,-15.457025,-3.5409815,10.853781,12.468206,2.3219085,-8.559614,0.15933025,-2.2095826,5.8999577,HG01254,CLM,AMR,female
18.753286,-25.839916,10.372858,12.432447,33.05638,3.6831977,-6.4311166,5.5604525,1.4209422,2.0910468,HG01256,CLM,AMR,male
12.771934,-28.811802,19.588808,13.861859,31.458752,5.604072,-11.830373,4.4212556,3.0379066,0.9821477,HG01257,CLM,AMR,female
16.843853,-31.405373,26.322294,9.6171465,32.701008,-0.9854141,-8.914306,7.660369,0.3729414,1.097344,HG01259,CLM,AMR,male
14.62122,-7.772972,-25.34252,17.125708,30.546803,-0.24724695,-1.1630893,0.011562723,5.7597075,-6.7488008,HG01260,CLM,AMR,female
20.60895,-21.810421,4.2900853,11.040646,25.912973,0.8843856,-1.8712668,5.8736925,4.305947,1.5998598,HG01269,CLM,AMR,female
14.912205,-26.635557,20.981714,10.921182,19.331236,-2.1180913,0.12017326,9.17506,3.2656178,-1.1754303,HG01271,CLM,AMR,male
-14.952762,-4.610549,-15.074731,7.9957,7.580134,0.49345613,-7.9659925,-2.8763082,6.5944476,9.328223,HG01272,CLM,AMR,female
19.730804,-31.55005,28.25589,10.97644,25.507961,2.7668345,-4.0600276,6.274367,3.1907213,-0.2277162,HG01275,CLM,AMR,female
18.576822,-23.940395,3.1065965,10.235111,22.900282,1.8372756,-3.2804408,6.0381694,0.6937734,-0.22025438,HG01277,CLM,AMR,male
17.912828,-33.185047,24.615839,24.469265,57.27701,8.55429,-13.040464,9.017053,9.070321,0.44857672,HG01280,CLM,AMR,male
16.548231,-30.722271,22.297235,4.191104,7.2401147,-3.204558,-9.009262,6.9883623,3.2963748,1.1985046,HG01281,CLM,AMR,female
16.68039,-31.57887,27.373983,14.641925,42.179512,8.739189,13.395608,-8.299481,-1.4955944,6.471525,HG01284,CLM,AMR,female
-16.921219,-18.285532,8.135284,11.559566,-39.32541,-1.4164233,-2.2533832,5.628946,-1.6530291,-0.2862019,HG01286,PUR,AMR,male
12.801229,-30.479752,20.2952,-16.014256,-33.896004,-3.3775706,2.5364897,-0.22654061,2.2282186,-2.9032316,HG01302,PUR,AMR,male
8.922875,-33.413727,25.197687,-22.81146,-65.25416,-9.939347,-5.685754,1.0187483,-0.91234857,-6.9033647,HG01303,PUR,AMR,female
-24.909052,-15.5854,11.146587,-3.8789523,-22.960567,-5.1453094,-2.8140469,18.343903,2.5074053,-9.3615,HG01305,PUR,AMR,male
-7.6015053,-26.529104,22.614834,-14.951729,-18.858097,-9.610368,3.4096465,11.406556,19.773636,-2.0436718,HG01308,PUR,AMR,male
15.105032,-30.150566,21.751682,-1.7161353,-11.059308,-0.2162076,-6.7975473,3.048687,-6.0036664,6.4924192,HG01311,PUR,AMR,male
17.193907,-24.477224,13.118394,-2.450715,-8.659865,-3.7555149,-0.6508613,-0.09825942,-0.81667197,2.404844,HG01312,PUR,AMR,female
17.834217,-24.852848,6.2233233,-5.843673,-23.565681,-2.9618392,-7.2141924,-1.74261,0.5018287,-0.66697025,HG01323,PUR,AMR,female
-6.470051,-23.403334,14.044262,-13.126325,-22.025484,3.110301,-5.150833,-0.8899901,1.9780906,3.901758,HG01325,PUR,AMR,male
14.858513,-29.390068,20.750847,-11.964081,-4.941456,10.911537,16.00166,-17.928474,-2.8302078,-5.2455463,HG01326,PUR,AMR,female
22.235867,-1.2181032,-27.915234,1.6871668,5.352135,1.4844645,0.47537282,0.08436813,-1.8395208,-1.6744758,HG01341,CLM,AMR,male
-7.1031327,-6.1860385,-13.187995,5.113854,4.1403613,0.1492857,2.6139786,3.3612132,-0.7258311,-0.6075183,HG01342,CLM,AMR,female
11.625431,-17.811348,-0.20512015,0.5483141,-0.31748143,1.0557446,0.46662787,-0.21077883,2.244086,2.8039598,HG01344,CLM,AMR,male
18.755445,-18.279816,-1.2744328,14.461596,24.999336,1.2681755,-1.7787478,7.7630196,0.6950307,1.0958744,HG01345,CLM,AMR,female
21.996529,-8.069549,-27.158587,9.328511,15.048895,-0.26515403,-2.7975614,5.640465,2.1933439,-1.6317664,HG01348,CLM,AMR,female
13.232591,-18.822256,1.4514124,7.6401434,15.223638,-0.642137,-6.856035,4.131337,3.0456326,5.2796245,HG01350,CLM,AMR,male
19.158749,-25.44259,8.653011,10.200671,21.113064,0.99219483,-1.6147017,5.5996666,2.574626,-0.059030823,HG01351,CLM,AMR,female
18.237429,-19.483696,-1.2673905,5.812327,11.513986,3.1468072,-2.4591544,2.355353,2.1164594,-0.99773604,HG01353,CLM,AMR,male
19.847513,-20.904789,-1.4865456,14.685813,33.78199,1.9146978,-4.6007977,8.111266,2.5194674,3.6509476,HG01354,CLM,AMR,female
1.9249983,-9.402121,-21.046623,10.058914,12.939342,-0.8808624,3.3936036,4.821292,1.4317183,-3.9016683,HG01356,CLM,AMR,male
18.673166,-23.88319,10.108747,7.9239364,17.527277,-0.025100995,-1.9298333,6.3034244,3.4323027,-1.4414052,HG01357,CLM,AMR,female
16.345463,-30.389744,17.073093,8.467783,14.874894,0.25898466,-7.727364,2.2188826,2.090604,0.57864237,HG01359,CLM,AMR,male
14.574805,-15.514092,-8.707662,4.0843883,7.718073,0.17622916,-1.1418172,-0.27862626,1.9942681,0.9111171,HG01360,CLM,AMR,female
14.9184265,-17.067106,-4.2224617,-0.077230655,-0.9793593,-0.89140207,-0.084101245,2.7172477,1.8995504,-1.1669528,HG01362,CLM,AMR,male
3.4602075,-12.9644985,-10.119594,5.3147736,24.565636,10.90685,-6.2196097,8.101128,14.152254,-4.2123632,HG01363,CLM,AMR,female
20.795332,-13.029236,-5.852932,1.151833,6.6190124,1.8139052,-0.116054595,0.7662535,0.46295598,0.46468765,HG01365,CLM,AMR,male
13.594159,-22.956186,2.3480074,7.9068494,13.373456,2.581403,-3.8184662,0.38990402,1.7280169,-3.535244,HG01366,CLM,AMR,female
21.529755,-3.7209735,-32.96378,4.8188777,14.605478,2.6637506,0.4190175,2.166145,0.24561004,1.4349759,HG01369,CLM,AMR,female
16.429874,-17.78738,-3.0695193,4.792734,16.601921,3.9881134,0.25827032,1.5746919,1.8800957,-2.0281467,HG01372,CLM,AMR,female
18.040903,-13.534385,-16.288511,9.24847,16.469372,-2.1311343,-1.637006,1.8924937,4.946042,-0.6633899,HG01374,CLM,AMR,male
-3.6450746,-11.002614,-3.1365166,8.507655,12.072286,10.535489,-6.436613,4.7063346,-3.1120613,-0.12880802,HG01375,CLM,AMR,female
19.887012,-13.703922,-10.329663,5.4617352,8.126837,-2.1132069,-4.659814,6.144688,2.2394054,-0.3305545,HG01377,CLM,AMR,male
19.55548,-25.977127,11.017726,10.512657,20.367395,-0.81695276,-2.069493,6.7422547,4.706284,0.063563086,HG01378,CLM,AMR,female
19.775629,-26.083792,6.124161,15.206901,32.805424,3.8742957,-1.2566332,5.1836305,1.378916,1.2914311,HG01383,CLM,AMR,male
-7.3261123,-16.413486,1.3804075,2.4015424,12.419847,-2.4035375,0.89450663,6.5115833,8.927401,-3.526599,HG01384,CLM,AMR,female
15.84618,-32.29773,23.288229,9.713917,20.959972,-1.4092604,-4.040934,5.9303913,0.7982527,2.5087242,HG01389,CLM,AMR,male
-32.071987,-5.5881734,-7.217367,3.4287558,0.44199038,9.439809,-5.7915726,-6.053333,7.887602,-5.225783,HG01390,CLM,AMR,female
-11.36677,-20.289051,14.673396,6.925376,-22.381102,-2.2511344,-6.837053,7.8083615,-2.0809407,1.0937922,HG01392,PUR,AMR,male
9.678003,-28.05293,21.43933,-9.921567,-30.987553,-8.149013,-2.144278,-3.4757717,2.533957,-0.74625456,HG01393,PUR,AMR,female
17.774742,-23.468582,11.173724,-6.5951815,-20.716057,-6.1809545,-2.4215767,1.0903,-0.09433308,-2.0232704,HG01395,PUR,AMR,male
6.301034,-29.181353,14.491542,-6.01408,-24.11896,-2.1853697,0.7889548,-6.405598,-3.1329672,-8.621667,HG01396,PUR,AMR,female
18.250034,-22.861362,7.6335135,0.69897896,2.948243,-1.3865031,-0.6894421,0.38644224,0.9307793,-1.2617197,HG01398,PUR,AMR,male
-7.211575,-13.865529,2.07484,-10.109978,-13.274399,-7.571505,0.7591642,4.90423,3.3411846,-1.7151994,HG01402,PUR,AMR,male
-0.9621682,-11.0952835,-10.204795,-9.69873,-22.434774,-2.9789069,-0.08990507,-1.0468713,3.0889933,-2.5820901,HG01403,PUR,AMR,female
7.1389976,-27.208878,21.593513,-13.495409,-11.071847,11.176355,6.6543984,-6.4107013,-6.13198,-6.51008,HG01405,PUR,AMR,male
2.8901632,-27.713505,19.047768,-19.214527,-61.853226,-13.420889,-6.284772,-7.4396815,2.242561,-11.425244,HG01412,PUR,AMR,male
9.425229,-12.092136,-12.981105,-16.412008,-50.91338,-11.474238,-4.742848,-4.2087283,-4.268805,6.5378075,HG01413,PUR,AMR,male
-6.807624,-10.561181,-1.1991152,-6.1084633,-6.5974245,12.9369335,17.940014,-18.318213,-18.081856,1.2547742,HG01414,PUR,AMR,female
-5.3512225,-26.093266,17.995308,5.7744446,10.446285,-11.214848,1.5801983,-4.9227734,7.954163,-4.6601973,HG01431,CLM,AMR,male
19.070292,-25.486835,14.940241,8.588609,21.201643,2.1961753,-4.707052,4.1885934,0.19159491,2.107816,HG01432,CLM,AMR,female
9.25919,-12.579033,-7.1929355,-1.8534106,2.035777,2.1160362,0.07389595,0.71507865,0.55637175,1.4702977,HG01435,CLM,AMR,female
17.11284,-29.633097,19.518795,11.42508,36.589653,1.4909075,-6.6662545,7.047042,2.2554703,3.2660236,HG01437,CLM,AMR,male
18.503254,-32.03532,25.546526,9.621078,19.72775,-0.4132044,-4.981467,5.8699336,1.8390797,2.2596953,HG01438,CLM,AMR,female
2.1006157,-18.568863,7.500365,5.571565,8.470787,-0.69196016,10.422697,1.9888012,-2.3577259,2.6601813,HG01440,CLM,AMR,male
19.357878,-9.013206,-9.305172,1.9346374,2.3578625,1.0892884,-0.49822384,0.03466452,-0.1940006,3.4476383,HG01441,CLM,AMR,female
21.30868,-3.7393095,-31.095747,3.2911205,6.1213045,0.79240334,-0.9997039,2.2534275,2.442297,-0.004478332,HG01443,CLM,AMR,male
-15.14318,-18.116665,9.00222,12.334566,24.3139,-1.0085446,7.702319,-12.044593,4.530672,9.463728,HG01444,CLM,AMR,female
10.027984,-26.226646,14.583421,10.598037,39.024113,3.7448082,-9.531286,10.072793,3.4702692,-3.9564857,HG01447,CLM,AMR,female
17.02852,-21.907972,2.4205353,9.395263,19.959742,3.6406467,-4.1523433,4.1811013,3.6245942,-0.059767928,HG01455,CLM,AMR,male
20.398186,-20.120369,1.1064725,4.5759172,8.479436,-0.58415115,-1.4312499,3.0478897,0.56567204,0.72378373,HG01456,CLM,AMR,female
16.830414,-20.653393,3.7609813,2.7704513,11.284497,3.7023268,1.2457634,-1.9804889,-3.779878,-0.19687532,HG01459,CLM,AMR,female
13.044626,-7.742672,-12.063183,-0.99866754,5.594857,0.8783385,-0.78167164,1.0156591,1.6304038,2.9102983,HG01461,CLM,AMR,male
8.929788,-7.590683,-19.661694,2.9112587,1.9510496,-0.5936984,-1.7300189,-0.47960156,1.1773485,-5.6169024,HG01462,CLM,AMR,female
-14.083563,-10.727995,0.33477816,-2.2279558,8.049048,0.97399837,-11.252114,-0.23322833,0.28920323,1.5271994,HG01464,CLM,AMR,male
20.962389,-31.780682,12.298171,18.073885,43.722206,1.9031829,-3.686862,7.712022,2.2986047,0.40378243,HG01465,CLM,AMR,female
20.812939,-34.45526,19.267584,17.37646,51.841625,10.540463,8.732336,-1.479249,-1.6130753,-2.483623,HG01468,CLM,AMR,female
16.39525,-32.006847,20.836449,10.069584,22.597052,0.3891871,-3.7416458,4.7141356,1.7686176,-0.31006122,HG01474,CLM,AMR,female
2.243568,-20.140125,7.9102564,9.777512,27.116348,0.05797557,-8.595875,7.035539,-2.973797,-5.7319293,HG01479,CLM,AMR,male
-23.793915,-8.705073,-0.6402427,4.9315476,17.161364,14.164523,-11.374059,8.920563,17.632265,-23.248798,HG01485,CLM,AMR,male
14.823852,-24.90451,12.929362,4.8580084,6.9767685,1.5203896,-1.4673373,1.1210724,-1.7721881,2.3793416,HG01486,CLM,AMR,female
9.130568,-17.205742,0.37049943,0.53457004,9.183125,-0.6640863,-2.9739792,0.8970445,1.9047227,3.7080522,HG01488,CLM,AMR,male
14.792114,-32.508293,25.804966,9.333262,14.4732065,-0.8921013,-5.742323,4.640679,0.14632301,-0.08298714,HG01489,CLM,AMR,female
15.835614,-23.643347,9.429786,6.2637963,21.092787,3.9143906,-1.3187106,3.4100616,1.784285,0.41289982,HG01491,CLM,AMR,male
16.171814,-35.388714,28.171085,14.576791,33.894196,1.5208534,-2.036769,6.3105927,4.4605174,2.6938667,HG01492,CLM,AMR,female
-34.709232,-3.0530665,-3.6237729,4.900599,5.254334,-2.4639702,19.292145,6.4890003,4.7740235,2.3844788,HG01494,CLM,AMR,male
5.3004117,-21.776188,7.1760554,5.9431686,29.614717,6.7224545,0.3250037,8.973036,3.6316097,14.755995,HG01495,CLM,AMR,female
20.409767,-23.011192,2.6852784,16.029556,37.681202,6.0497503,-4.2891355,5.034318,5.9137464,0.3316457,HG01497,CLM,AMR,male
15.612436,-22.194033,13.958313,3.940027,9.114165,0.7881304,1.0660914,0.32223937,-0.1241367,1.1813122,HG01498,CLM,AMR,female
17.206131,-29.401463,23.483988,5.059656,9.565699,0.2880925,0.72726655,0.23069924,0.015859101,-0.57366997,HG01500,IBS,EUR,male
14.18363,-31.63173,26.20016,3.432186,12.995552,-0.34725946,2.2311027,1.3046588,2.7938287,2.218521,HG01501,IBS,EUR,female
16.40717,-30.912329,26.624638,4.205418,7.2985106,0.44004261,-1.8746887,3.3426962,-0.27130765,-0.41976932,HG01503,IBS,EUR,male
17.03199,-31.971199,26.25989,1.0919678,2.7113485,-0.7596366,0.9344436,2.241651,-1.1885182,-0.85881484,HG01504,IBS,EUR,female
16.123922,-32.74216,26.157627,2.140432,0.46983108,-1.8642502,0.820343,0.6891045,0.9007642,-1.8122638,HG01506,IBS,EUR,male
16.482716,-29.216093,23.54875,4.4078813,8.814136,1.4464778,-0.86517733,1.8967351,-0.41596162,0.70394266,HG01507,IBS,EUR,female
16.497423,-32.35443,27.246252,2.0179384,3.0726113,0.41204688,0.9949654,2.4726524,2.0558825,-0.08022146,HG01509,IBS,EUR,male
14.402195,-30.768013,23.562382,3.5378284,8.021044,-0.68609947,-1.8830228,2.0767577,1.3912488,0.7921297,HG01510,IBS,EUR,female
17.52784,-34.021225,26.712912,5.602529,7.726711,-1.9271489,-2.8084,3.7638638,2.2248588,-0.68245715,HG01512,IBS,EUR,male
17.334223,-32.91204,26.904013,3.9760518,5.0952997,-1.2799126,-0.52189547,2.0773284,0.662616,-0.12348068,HG01513,IBS,EUR,female
17.324156,-33.4852,28.185772,2.512519,6.065574,-1.2127439,-1.4502391,2.1530242,1.267736,2.276066,HG01515,IBS,EUR,male
15.856889,-35.523693,26.01041,5.0797963,11.585952,-1.9876132,-1.4164833,1.9450408,2.7880151,-0.96125585,HG01516,IBS,EUR,female
18.050877,-33.00925,27.453169,4.43783,13.745929,0.67711765,0.25476536,1.6361947,-1.0373149,0.5553407,HG01518,IBS,EUR,male
18.839502,-31.081068,26.823837,3.7577763,6.908685,-0.46701047,0.2978203,3.4362106,0.43797785,0.8111661,HG01519,IBS,EUR,female
18.461004,-32.44855,25.564365,2.787912,9.912764,3.431359,3.0197492,-3.3507626,-2.56257,-2.3896403,HG01521,IBS,EUR,male
18.83604,-33.72983,28.693903,1.8609313,8.040807,-0.15923963,0.7973462,0.32283178,-1.7131164,0.3979505,HG01522,IBS,EUR,female
15.546425,-32.34115,27.071167,1.5065786,5.507902,2.1047604,1.4461493,-0.8816006,-1.0435653,1.7879386,HG01524,IBS,EUR,male
12.260644,-28.714912,24.76221,0.96549356,4.022602,3.7021387,1.5121396,-0.62924576,3.2860503,1.2836584,HG01525,IBS,EUR,female
16.400986,-29.0184,22.925661,4.008488,6.8228073,-0.7526798,-1.4572071,3.306591,0.11027463,0.62188566,HG01527,IBS,EUR,male
13.732103,-29.681786,23.247221,3.0747466,6.529142,-2.9319322,-3.472899,4.11354,1.0533649,-0.4217268,HG01528,IBS,EUR,female
16.112934,-27.602846,20.171932,4.14524,10.856228,-2.2187908,-0.14826867,3.2615316,2.2051795,0.09391735,HG01530,IBS,EUR,male
15.0314245,-29.304625,23.729342,1.4819695,3.3452227,-2.9148927,5.321533,0.88966095,-0.56528896,-2.899052,HG01531,IBS,EUR,female
15.700969,-31.074547,25.448633,3.373231,7.6819,0.17653723,-1.5601376,4.2759647,0.7531066,2.3875022,HG01536,IBS,EUR,male
16.066404,-28.61301,22.935007,4.231301,1.8242733,-0.33796084,-0.11623892,1.0324682,-0.34848818,0.5439523,HG01537,IBS,EUR,female
19.423477,-21.935392,2.099974,13.03371,34.934933,3.5987692,0.16621336,5.946179,1.3009958,2.092131,HG01550,CLM,AMR,male
-23.727066,-10.239328,0.30687416,5.1808186,10.32677,1.3423012,1.7609074,6.1728163,-21.598333,-10.527059,HG01551,CLM,AMR,female
-7.0223994,-13.707845,-2.2254038,5.7788486,10.360426,0.70039654,-0.96117866,11.392549,-1.9766377,-2.5447838,HG01556,CLM,AMR,male
22.068531,3.651727,-37.63074,-0.58434165,-2.169138,0.44090503,-0.795459,-0.583558,-0.9318354,0.07120484,HG01565,PEL,AMR,male
20.806698,-11.704766,-11.705136,4.454795,6.786527,-0.52842605,-0.40341797,3.4749434,-0.21836652,0.310846,HG01566,PEL,AMR,female
20.995226,-7.0638814,-18.93193,0.40148804,1.9959724,1.022102,1.645754,-0.6357155,-1.433795,0.11611939,HG01571,PEL,AMR,male
21.99818,-1.0881325,-31.937387,0.97964394,2.756537,-0.1373408,-0.9109957,0.8021038,0.32349637,0.36547676,HG01572,PEL,AMR,female
13.861376,-14.564985,-6.62843,-1.2057531,6.0560493,2.0150175,2.5554993,2.037725,-0.6878205,-0.3977805,HG01577,PEL,AMR,male
20.541565,-3.6690013,-24.47158,0.6718068,3.4779727,0.8269661,1.4045012,0.49396443,-0.29005376,0.85039204,HG01578,PEL,AMR,female
15.610915,-28.473902,21.080042,-1.1626228,0.46694985,5.1314197,4.1725154,8.198038,3.8711386,0.80053264,HG01602,IBS,EUR,female
13.60837,-29.747704,21.745218,5.4248357,10.694485,1.3754183,-1.5167271,5.0413084,-0.5527306,2.0818524,HG01603,IBS,EUR,male
16.538698,-30.516396,28.920403,5.9953394,8.666327,0.27302513,-1.7015567,2.9495158,0.86775964,1.6258664,HG01605,IBS,EUR,female
17.369703,-31.740847,24.689941,3.2860613,4.4025087,0.33721325,1.1132683,2.1381576,-1.2305099,1.8622514,HG01606,IBS,EUR,male
16.2905,-32.420197,26.490215,1.283264,5.0305605,0.16610952,1.7526811,2.1702042,-0.17475687,-2.4414883,HG01607,IBS,EUR,female
14.542531,-30.073921,25.742393,6.5653563,8.934817,0.034729928,-2.6241357,3.6925814,-0.112155184,0.8079234,HG01608,IBS,EUR,male
17.147203,-28.036797,23.128187,0.982603,8.23164,1.9759566,2.067301,-2.3719406,-1.1645467,-0.31759432,HG01610,IBS,EUR,male
16.606304,-31.68334,22.388988,5.0481853,6.845858,0.09389869,0.66345716,3.101263,-0.7244389,0.63439345,HG01612,IBS,EUR,female
15.099734,-27.351316,23.247667,-1.2402365,2.550771,2.3342679,1.9869709,-1.6889954,-0.26863876,0.29109395,HG01613,IBS,EUR,female
15.997263,-30.206612,26.736107,0.40854666,2.067115,-0.82374394,-0.36128846,0.86360544,0.7831377,-1.395395,HG01615,IBS,EUR,male
16.438587,-29.509073,22.758707,3.8022392,7.174296,1.4801248,-1.0029347,1.8843623,0.8102451,0.10123608,HG01617,IBS,EUR,male
17.885706,-31.080555,24.91773,4.651224,7.8800597,1.4862419,0.9222702,0.16287406,-2.436283,0.031161532,HG01618,IBS,EUR,female
18.07972,-32.14353,25.018497,1.3755908,2.2212086,0.031563915,-0.6124654,2.1026926,1.5400305,-2.5390353,HG01619,IBS,EUR,male
16.072544,-31.821247,27.016666,3.8303263,5.3726153,-0.80577284,-0.0073349085,1.0045772,0.99617577,1.6271938,HG01620,IBS,EUR,female
16.094156,-33.38924,25.090794,4.756944,7.517028,-0.700022,-0.93244064,4.113964,-0.47144407,0.9221581,HG01623,IBS,EUR,female
13.770457,-31.886078,26.927513,5.0444517,12.943797,0.9527419,1.702092,3.0884697,-0.27529627,2.9654026,HG01624,IBS,EUR,male
15.531662,-29.695797,21.918604,1.7630339,2.163155,-1.3945417,1.8258916,3.1010475,-0.55856144,0.84972775,HG01625,IBS,EUR,male
15.090528,-27.221567,23.113964,2.6987858,3.6742449,-1.9643633,-2.2740738,2.6152792,-1.4505557,1.0952493,HG01626,IBS,EUR,female
5.4767146,-25.508385,21.243324,2.8628657,2.6892877,1.8158227,3.8394175,-1.1849555,-1.4335877,-0.3652047,HG01628,IBS,EUR,female
15.776971,-27.338333,22.746672,3.1809192,6.650043,-2.1220746,-1.2621202,0.43486357,-0.16894826,0.037436944,HG01630,IBS,EUR,male
17.32445,-33.296364,26.997004,3.2980323,1.7859689,-2.8897738,-2.9414587,4.9955034,2.8229122,-2.674757,HG01631,IBS,EUR,male
16.969057,-28.443874,22.91029,3.2926679,2.9339507,-1.282166,0.4150052,1.2959208,-1.34808,0.30326477,HG01632,IBS,EUR,female
14.341964,-33.892452,24.857588,4.023683,8.617002,-0.60380787,-3.1061838,3.8307686,4.9538403,-0.7701257,HG01668,IBS,EUR,female
13.93932,-29.028528,23.582176,1.6241618,5.197796,-1.4574971,-3.5110736,0.11416132,-2.9383228,-0.2871791,HG01669,IBS,EUR,male
10.132822,-26.504366,21.387669,1.624559,4.278625,0.8872792,-0.18658291,4.160944,-0.5931036,-2.49494,HG01670,IBS,EUR,female
15.340973,-30.13324,23.924349,2.4296463,7.6070714,1.4501919,0.10246249,1.9882442,0.4328082,1.4717966,HG01672,IBS,EUR,male
16.869663,-29.328453,24.589588,4.7977977,7.92135,0.518976,-3.6767986,3.8939168,-0.3444643,1.139404,HG01673,IBS,EUR,female
18.871618,-31.921564,24.173546,3.1248834,10.58125,1.6060556,3.142696,0.45851603,-0.3837114,0.12467351,HG01675,IBS,EUR,male
17.197128,-35.0488,26.35051,3.058361,5.136815,0.2891503,3.1938243,2.4032497,1.0172282,0.35631856,HG01676,IBS,EUR,female
17.567644,-29.745262,24.102016,5.4486265,7.710052,1.049304,-0.26557627,1.121224,-0.8927094,0.7801023,HG01678,IBS,EUR,male
16.602404,-28.569025,23.89397,4.043298,6.264962,2.0981877,0.7474125,0.7634795,0.17198774,-1.1735451,HG01679,IBS,EUR,female
15.882755,-28.807114,25.272354,2.312859,1.9234209,-0.45027494,-0.5607268,0.35451236,0.32000735,0.29990548,HG01680,IBS,EUR,male
18.694695,-33.16011,27.372248,5.6613693,13.437995,1.7262776,0.2174276,3.9427667,-1.1976675,2.4020405,HG01682,IBS,EUR,male
18.532373,-33.214382,25.876022,2.8798337,5.646375,-0.97223157,1.1680614,0.7110863,0.2730422,-0.19150254,HG01684,IBS,EUR,female
10.217173,-26.701937,23.24859,-0.9715327,2.1531045,0.3675668,-1.1118743,1.1432632,2.930785,4.7775273,HG01685,IBS,EUR,female
12.62636,-28.575647,21.838245,3.8149548,2.2621558,4.2741203,-3.3759205,1.5301143,-2.2079408,-0.51655966,HG01686,IBS,EUR,male
12.2439575,-27.617056,23.563988,1.454391,2.0852437,-1.328064,-2.7153714,2.9205894,-0.037420616,-1.5031049,HG01694,IBS,EUR,male
13.613581,-29.027256,23.933258,-8.670393,10.884087,9.84623,19.050663,-15.036751,-8.992394,-3.2343976,HG01695,IBS,EUR,female
15.775997,-32.26283,25.838293,4.2130246,9.062134,0.90035677,-1.3690482,3.1027822,4.341239,2.4351554,HG01697,IBS,EUR,female
15.985943,-30.730291,24.408161,0.34691787,4.4809003,1.8963729,2.3103223,-1.5079365,-1.6587889,-0.5709074,HG01699,IBS,EUR,male
18.957527,-33.80208,27.49548,6.3769403,9.06747,-0.5141326,0.9570018,2.0160012,1.1186466,-0.21104354,HG01700,IBS,EUR,male
16.94123,-34.300816,28.822643,3.1678894,4.1021843,1.0714889,3.2946424,-0.56655324,-1.3827164,-0.13720962,HG01702,IBS,EUR,female
15.686851,-33.28341,23.803186,3.7592738,4.6211486,-0.4485723,-1.393295,1.7621161,0.35380417,0.08210296,HG01704,IBS,EUR,female
15.161506,-32.602734,22.621351,8.202621,10.434262,0.06650506,-6.0032845,3.3671737,4.5680785,1.2222991,HG01705,IBS,EUR,male
16.463526,-30.194304,21.957876,4.228243,8.615897,2.3722584,1.874244,3.5112844,0.65584105,1.5343653,HG01707,IBS,EUR,female
15.256659,-30.462643,24.091288,2.9434478,3.2064407,-0.18707429,-3.6457522,3.347544,-1.4457251,1.6456249,HG01708,IBS,EUR,male
15.594111,-30.927446,25.101711,1.5734652,7.4423513,0.9905124,-1.372342,-2.9224467,1.4678487,0.16260849,HG01709,IBS,EUR,male
16.367464,-29.761433,26.790066,-0.16781555,5.452835,1.5904185,4.282336,-1.4233775,-1.5570562,-0.472406,HG01710,IBS,EUR,female
16.818521,-33.778107,27.227964,5.4635315,10.226913,-1.5688117,2.218121,2.8190546,0.43665487,1.0038836,HG01746,IBS,EUR,female
17.884167,-31.322517,26.247229,5.2087965,10.168705,1.1245733,-1.4859688,1.6677512,-1.5163656,-0.54698426,HG01747,IBS,EUR,male
16.757076,-35.09183,28.720194,6.440599,13.269013,0.819316,-3.3864136,5.0569553,-1.085462,0.5274404,HG01756,IBS,EUR,male
16.844568,-29.90416,26.431736,5.5757055,11.58747,-0.02947357,0.81632334,1.1791126,1.5752084,2.285496,HG01757,IBS,EUR,female
15.8454,-32.200287,24.83622,2.4533005,3.6767938,-1.3069603,-0.39552966,0.62228197,-1.4595789,0.79220414,HG01761,IBS,EUR,male
15.040286,-28.352621,26.153988,3.0526671,3.304651,-0.83244175,-3.08146,3.035571,0.92517143,-1.6164612,HG01762,IBS,EUR,female
15.939755,-33.877533,30.336945,5.8097506,8.269228,0.20178118,-6.556821,1.2651223,6.6247354,-1.9222869,HG01765,IBS,EUR,male
12.299436,-31.224953,26.963535,9.888397,14.955391,1.8796604,-5.279005,0.31069812,6.906666,-2.2565384,HG01766,IBS,EUR,female
16.356937,-31.119387,26.326195,3.47355,4.1557684,-0.73620397,-0.6389544,1.3194537,-0.44464087,-1.9547585,HG01767,IBS,EUR,male
18.071997,-31.073395,27.154621,3.3744605,7.485112,2.0657058,2.5290391,-0.2283148,-1.0197734,-0.73169714,HG01768,IBS,EUR,female
12.9142685,-29.71546,24.826263,8.394558,9.413332,-1.5855176,-7.7934856,-0.2405631,0.62382746,-6.6057105,HG01770,IBS,EUR,female
18.019957,-34.783417,24.492306,3.6323628,8.38702,1.0090234,1.3112829,-0.6653015,-0.42006102,-0.81786674,HG01771,IBS,EUR,male
16.030931,-31.94627,24.065815,5.3832517,6.97447,-0.79150915,0.857475,4.2675524,0.2701455,-1.5221779,HG01773,IBS,EUR,female
17.79119,-32.037735,24.61232,3.4611497,2.1723034,-1.1519943,-2.896199,3.778837,2.7239845,-0.60787994,HG01775,IBS,EUR,male
18.49234,-33.49435,29.3856,5.7668314,10.555371,0.516015,-0.72666514,2.5052395,-0.8623009,-1.0108198,HG01776,IBS,EUR,female
18.406784,-31.460117,24.319206,4.2909975,2.3262556,-2.4405077,-1.2210233,3.657553,3.8148017,-0.9110167,HG01777,IBS,EUR,male
18.037077,-31.048183,29.457315,6.408897,14.095678,0.37460366,-0.50730467,0.70688885,-1.3074968,1.8688599,HG01779,IBS,EUR,female
17.15676,-29.16483,22.805275,-0.7030945,6.7055306,2.523687,5.197897,-4.2551575,-1.8747919,-1.858166,HG01781,IBS,EUR,male
14.920085,-31.05185,23.299942,4.331891,2.7059405,0.91318625,-0.31208885,2.4962218,0.13515209,0.57107925,HG01783,IBS,EUR,male
14.250785,-29.63171,25.619854,1.6099621,1.2369955,-1.0212641,-1.9850897,2.9985037,0.7576982,0.48751733,HG01784,IBS,EUR,female
19.032892,-32.853508,27.58519,3.290088,10.698855,0.6679398,0.6444861,-1.4283127,-1.7852225,0.7523015,HG01785,IBS,EUR,male
16.68264,-30.262833,25.943058,3.5927885,6.073411,-0.9076091,-0.7689224,0.72210795,-2.1769385,0.41634598,HG01786,IBS,EUR,female
19.05775,-0.45291588,-30.964272,-1.3130288,-2.2912815,0.33252847,0.07614534,-1.2641904,0.38733926,0.51729625,HG01892,PEL,AMR,male
22.701727,1.2360805,-35.913715,0.12311655,-0.0622664,-0.48712873,0.35414585,-0.8048264,0.57280755,-0.42976636,HG01893,PEL,AMR,female
24.378038,1.7176224,-35.944176,-1.5140969,-2.094739,0.60110104,-0.079124905,-1.9589083,-0.83063555,-0.25420597,HG01917,PEL,AMR,male
23.315649,-6.8790727,-23.01079,1.5398142,3.1238718,-0.10931366,1.7380935,0.42637286,-0.28366476,0.60720277,HG01918,PEL,AMR,female
25.204655,9.057284,-50.739033,0.44913933,-0.35956037,0.7748637,-0.080394715,-0.10698895,0.4011501,-0.3183453,HG01920,PEL,AMR,male
21.581497,4.6251645,-38.53387,-1.1351367,0.52856153,-0.39800376,-0.8950757,0.11104095,-1.754812,-0.55720115,HG01921,PEL,AMR,female
25.409004,8.135316,-50.972164,0.47555336,0.2995305,-0.03311362,0.2785364,-0.17459282,0.029926138,-0.518322,HG01923,PEL,AMR,male
-7.0912256,2.0421968,-26.638435,-3.344815,2.787149,1.3415518,-1.2175534,12.573944,5.539196,3.3133204,HG01924,PEL,AMR,female
25.08323,10.47993,-47.173923,0.023562146,-0.8089159,0.3442597,0.27088043,-0.22588256,0.11678165,-0.24946047,HG01926,PEL,AMR,male
24.848183,7.789181,-47.10139,-0.8504886,-1.0385865,-0.10650842,-0.26673058,-0.61222386,-0.6542653,-0.34769264,HG01927,PEL,AMR,female
23.643112,0.30445558,-35.62858,-0.7631497,-1.00477,-0.104416154,-0.7095439,-0.27138048,-0.3380596,0.35728437,HG01932,PEL,AMR,male
0.20194384,5.3947787,-35.365517,2.4777124,-1.2268037,-0.9399088,-6.2873588,-3.7447085,1.1150926,-0.16393994,HG01933,PEL,AMR,female
21.892641,-6.664231,-18.992455,0.6738399,2.4570775,-0.78140074,0.39954457,0.22391418,0.45217398,0.50033814,HG01935,PEL,AMR,male
25.37268,7.139974,-49.29157,0.2994384,0.72480536,-0.2810026,1.4993945,-0.9828045,-0.19418971,0.12445882,HG01936,PEL,AMR,female
24.947647,7.387506,-46.671608,-0.7949276,-0.46495193,0.26238963,-0.65268403,-0.9528412,-0.49710932,0.015976233,HG01938,PEL,AMR,male
14.248459,-11.433231,-9.514667,0.15721405,0.63642657,-0.32382813,-1.5949051,-0.25589347,0.39871016,0.5081475,HG01939,PEL,AMR,female
17.326847,6.8456087,-43.209057,-0.692395,0.9333622,-1.1174955,-0.16164175,-0.9392322,-1.0588524,1.6836398,HG01941,PEL,AMR,male
12.328476,2.106417,-30.181189,-0.17038177,0.5902848,1.9801008,-1.3313311,1.239013,1.1707836,0.22567219,HG01942,PEL,AMR,female
22.593842,37.4711,-3.4791963,0.41142425,0.3652231,0.2902569,-0.5431315,0.4029528,0.09018876,0.06140259,HG01944,PEL,AMR,male
22.788067,1.3651779,-42.77676,-0.46262944,0.4814745,0.03531912,0.20907447,-1.0079852,-0.9687835,1.4879959,HG01945,PEL,AMR,female
10.434266,-7.8121095,-12.670356,-4.399656,0.31510282,7.42633,4.6873927,-1.2279663,-0.85800797,-3.2175987,HG01947,PEL,AMR,male
22.815853,11.51548,-32.809006,-0.062343914,-1.5565907,-0.071318515,0.27236253,-1.0476555,-0.6306438,0.4305252,HG01948,PEL,AMR,female
22.759426,8.886173,-43.591343,-0.5812254,-1.0617567,1.3220819,0.82390046,-0.5639981,0.19303842,0.18919368,HG01950,PEL,AMR,male
23.092121,7.80284,-42.818703,-0.0023015654,-0.08617922,0.8709837,0.038149446,-0.8071115,0.10240083,0.6853535,HG01951,PEL,AMR,female
23.545443,1.8787649,-33.854046,0.41106832,2.7664807,0.89406186,-0.6372847,0.17738782,-1.2728788,0.035273023,HG01953,PEL,AMR,male
24.329018,2.1832526,-33.958973,0.77563804,1.9355097,0.230523,0.10074658,0.06894687,-0.21758127,0.7950998,HG01954,PEL,AMR,female
23.977495,7.770242,-41.10441,-0.24168701,-1.5766225,0.03195931,0.1485291,-0.47190496,0.24383396,-0.5839483,HG01961,PEL,AMR,male
-29.370329,5.939448,-19.899597,1.3226656,-0.38906237,-1.4772236,-4.3790207,0.7635933,-1.7036613,2.2420683,HG01965,PEL,AMR,female
9.794749,-6.590734,-19.267353,-0.98468226,-0.84678334,1.1605059,-3.358563,2.697455,2.5428495,2.059273,HG01967,PEL,AMR,male
22.918789,7.7378016,-46.25192,-0.8042411,-0.43370444,0.10838273,0.24407169,-1.1484293,-0.13874975,-1.0437212,HG01968,PEL,AMR,female
21.975477,-1.4529424,-33.149006,-0.63359135,-1.1299924,-0.07024069,0.7429966,0.6815063,1.2766085,-0.30569026,HG01970,PEL,AMR,male
-2.6991067,-5.455439,-13.272981,3.2367117,7.5726886,-10.30715,10.960882,2.8032107,0.8146956,3.6570392,HG01971,PEL,AMR,female
24.180552,7.4305997,-48.35199,-0.69213057,-0.55417407,0.36270648,-0.16546266,-0.3493657,-0.37239948,-0.04174036,HG01973,PEL,AMR,female
24.475044,4.5117273,-40.71064,1.0791485,0.44501382,-0.20610462,-0.8161245,0.5499056,-0.14598061,0.29553583,HG01974,PEL,AMR,male
23.992537,6.099648,-45.00014,-0.22255537,-0.1625403,-0.050856482,0.2536483,-0.35935423,0.2372568,-0.3566177,HG01976,PEL,AMR,female
21.516197,-1.5895883,-30.832653,1.0824125,-0.45289198,-0.5387124,0.38677263,-0.5416706,-0.9248308,-0.3028086,HG01977,PEL,AMR,male
22.39687,-5.6247177,-27.574987,-0.6259616,1.4581583,-0.16957484,1.1294965,-1.95206,-0.42728174,-0.950105,HG01979,PEL,AMR,male
22.416275,-1.2942916,-32.896057,-0.16255227,-0.3653897,-0.8253073,-1.106687,0.57018924,0.9804081,-0.95573443,HG01980,PEL,AMR,female
19.328295,1.294142,-30.559454,-0.7917316,3.5574932,2.2189677,-0.32411513,2.1258307,1.0005296,-0.46868613,HG01982,PEL,AMR,male
22.886827,0.041705832,-39.943195,0.40880042,-0.9111863,1.2837459,0.68151975,0.965313,-0.15683202,0.10882778,HG01991,PEL,AMR,male
24.350525,8.804857,-48.486065,-0.4612893,1.1244426,0.63991725,-0.05435695,-0.48233894,-0.4444535,-0.04836039,HG01992,PEL,AMR,female
22.613155,3.3355136,-39.879547,-0.9070235,-1.8827392,0.25956935,-0.16943349,-1.4507964,0.2854316,-0.19078591,HG01997,PEL,AMR,female
23.50476,3.7049887,-41.662506,-0.7608509,-2.2196877,-0.76770073,-0.22700666,-0.7348997,-0.10597439,-0.9239053,HG02002,PEL,AMR,male
24.676311,9.829453,-50.9946,0.20155136,-0.7092622,-0.35686377,0.7681779,-0.33379176,0.32985875,-0.020158043,HG02003,PEL,AMR,female
-9.5037155,-0.97194844,-18.58291,-0.5419267,-1.0709047,4.9979563,7.2390985,-2.6905956,0.17207676,-1.6023859,HG02006,PEL,AMR,female
21.600327,4.6156173,-37.636868,-1.237713,-3.7243855,0.30100146,0.31738383,0.34284574,-0.5129409,-0.3461618,HG02008,PEL,AMR,male
21.346378,-2.9086688,-31.363087,-1.4772569,1.9256079,2.6520915,3.1506982,-3.2069452,-0.45691493,-1.2884158,HG02089,PEL,AMR,female
19.084177,0.65063107,-30.448233,-0.6348482,0.95152974,-0.15566382,-1.3170532,1.5354408,0.6154776,0.13286225,HG02090,PEL,AMR,male
23.037962,-0.034973007,-32.175186,-0.1934768,-0.46609232,0.35495356,-0.07399766,-1.2273839,0.26545453,-0.16877908,HG02102,PEL,AMR,female
24.797155,3.5166173,-41.547195,0.6569285,-0.6708107,-0.18852298,-0.28149584,0.03763726,0.033688575,0.30478162,HG02104,PEL,AMR,male
23.734076,9.775384,-45.97549,-1.1363456,-1.7919325,-0.30834764,-0.6199193,-1.2180518,-0.12867165,0.24188396,HG02105,PEL,AMR,female
21.732742,-3.8180187,-20.584305,0.975276,3.0977979,0.6182823,0.9465535,0.028006785,-1.475313,0.736413,HG02146,PEL,AMR,male
24.386574,9.162235,-46.601147,-0.30849028,-0.94098693,0.4764076,0.37355897,-0.31681457,-0.14834467,-0.072164215,HG02147,PEL,AMR,female
24.48089,9.393314,-49.024937,0.17172718,-1.1215491,0.54376996,-0.34643698,-0.008222399,-0.5889027,0.60887086,HG02150,PEL,AMR,male
15.94975,-28.624617,21.65444,1.3833886,4.56898,0.46095717,0.7498449,0.91396224,-0.95679957,-0.86132723,HG02219,IBS,EUR,male
15.163101,-31.616255,25.451702,2.3958528,2.636482,1.3831868,-0.8575475,3.0502944,0.81270653,2.553184,HG02220,IBS,EUR,female
16.77062,-31.05383,23.48699,6.181109,8.922822,-0.6771998,-0.6307379,4.0691767,-0.31207424,0.7916744,HG02221,IBS,EUR,male
14.777603,-31.739792,27.259352,5.964425,3.4724886,-0.9222884,-2.4865057,5.653721,1.0141628,-1.4135264,HG02223,IBS,EUR,female
16.272713,-33.286728,26.480642,2.9316723,5.9128165,-0.64436746,-0.54260343,1.4781208,1.713517,-0.40038824,HG02224,IBS,EUR,male
14.653378,-33.17727,27.59113,3.6246853,6.451568,-1.3969703,-2.4798028,5.0250826,1.5411423,2.2750196,HG02230,IBS,EUR,female
14.999358,-30.24828,25.706179,2.8503768,7.6725144,0.8033273,-1.6866624,1.1365632,0.30893636,1.8243616,HG02231,IBS,EUR,male
15.090967,-31.900892,25.862003,4.8565674,8.109936,0.22220294,-1.8379565,1.4428542,-0.773851,-0.15641896,HG02232,IBS,EUR,female
14.818517,-33.705444,29.578278,2.6153622,4.9109845,1.2778313,-3.5973873,2.1730862,1.7722979,0.97173256,HG02233,IBS,EUR,male
17.186274,-31.45355,22.653004,5.352186,10.212425,1.2819803,-1.3942411,-0.22313666,0.56449264,-0.23299922,HG02235,IBS,EUR,female
15.781134,-25.922562,21.756151,2.561884,0.6076756,-0.8776285,-2.6511707,0.86374027,0.08369363,0.6917913,HG02236,IBS,EUR,male
16.735342,-31.22798,24.339355,1.8894869,7.3202252,0.3813375,-0.52926004,-0.3214489,-0.6554606,2.726306,HG02238,IBS,EUR,male
15.214599,-28.142271,23.494991,1.5326895,5.969964,-0.37730983,1.8075863,-0.2827447,-1.65983,-1.6980282,HG02239,IBS,EUR,female
19.442055,-8.593006,-18.324984,-1.381597,0.0015530363,-0.92107683,1.360288,0.6005235,1.3929931,-1.2387568,HG02252,PEL,AMR,female
20.247387,-11.73231,-9.540818,2.6291292,4.219346,-0.73636407,-1.566598,2.275,1.3473558,1.1581634,HG02253,PEL,AMR,male
25.15594,9.841067,-46.242527,0.050333373,0.80742705,0.46403468,0.9621651,-0.61250746,-0.69260997,0.7049255,HG02259,PEL,AMR,male
22.158352,-6.4356265,-26.352673,1.363249,1.6598146,-0.3802218,0.06187917,0.70981115,0.66950566,-0.7529079,HG02260,PEL,AMR,female
24.016998,7.7727647,-43.62734,-0.36108837,-0.103799075,-0.33739138,0.7483848,-0.29134122,-0.5881354,-0.13299553,HG02262,PEL,AMR,male
23.044756,4.965213,-44.93306,0.7660083,-0.54149175,1.2186062,0.057992566,-0.95101404,-0.054650582,-0.6820949,HG02265,PEL,AMR,male
20.326319,-1.0529847,-31.409595,-0.78680676,-1.3407534,-0.1576416,-0.38337168,0.64644206,0.94245213,-0.071231134,HG02266,PEL,AMR,female
24.525888,7.646867,-45.371853,0.0042268513,-1.0483495,-0.19656229,0.72516876,-0.9916087,-1.3344649,-0.27760535,HG02271,PEL,AMR,male
24.689293,9.809362,-50.12555,-0.26138663,0.49557117,0.776438,0.23624241,-1.0866084,-0.34193233,-0.46889782,HG02272,PEL,AMR,female
8.30995,2.9426491,-40.03579,-0.61604136,-0.6777069,-0.49036038,1.9120029,2.756506,1.0137042,-2.7216513,HG02274,PEL,AMR,male
24.98639,8.309178,-48.382866,0.19857602,-0.7652834,0.09521321,-0.018646615,-0.52277654,0.22287022,-0.27814004,HG02275,PEL,AMR,female
24.163187,5.935729,-41.587723,-0.80657685,-0.18538682,0.71496665,-0.23168024,-0.50393724,-0.67176104,-0.60641545,HG02277,PEL,AMR,male
25.3014,8.037805,-48.115944,0.47774285,0.08661858,-0.12698504,0.12987404,-0.39387006,0.020451963,-0.016649451,HG02278,PEL,AMR,female
20.895357,3.653147,-39.637493,0.05491321,-1.4656596,1.3708646,0.45863953,0.4857633,1.3569218,-1.011622,HG02285,PEL,AMR,male
11.996291,4.0003104,-40.217655,-1.8568774,-0.63291335,-1.4053358,-5.988777,-3.5114067,-6.386569,-1.2413374,HG02286,PEL,AMR,female
25.257078,9.417406,-48.44852,-0.17154738,-0.696005,0.099155076,0.6747201,-0.43202814,-0.032602597,-0.205972,HG02291,PEL,AMR,male
24.773497,6.006397,-45.083378,-1.1804476,-1.275279,0.38522086,0.7129998,-1.0014119,0.4749835,-0.4191823,HG02292,PEL,AMR,female
19.577208,-0.3564109,-29.175663,-0.16268986,-0.32796186,-0.49594137,-0.12392827,0.9453014,0.22485769,0.62219846,HG02298,PEL,AMR,female
23.181831,1.072642,-38.995945,0.29846346,0.042370122,0.034548305,0.7106985,0.5288069,-0.154665,0.25477174,HG02299,PEL,AMR,male
24.90169,7.684472,-49.8928,-0.7155035,-0.65992475,-0.0838917,0.37299415,-0.40549764,-0.8547526,-0.33370015,HG02301,PEL,AMR,female
10.782341,-3.6711888,-20.875048,2.9829082,0.57491595,-0.16724247,1.4636533,1.2514857,-2.3630323,1.8549647,HG02304,PEL,AMR,male
22.183144,-3.5883799,-25.541348,2.0031538,1.8161685,1.2937253,1.2664287,0.23965552,-0.51478845,0.20418327,HG02312,PEL,AMR,female
24.088709,2.9778466,-36.589424,0.75321925,0.54183006,-0.4637641,-0.14693253,-0.045054235,0.23044702,0.4018645,HG02345,PEL,AMR,female
22.1786,0.569107,-31.725742,-0.645776,-0.13364683,1.5556123,0.9437273,-1.101254,-1.1033802,0.28152806,HG02348,PEL,AMR,female
-8.937905,-10.363088,-0.8408377,-4.9216323,2.6120062,6.6654563,4.446525,-1.9155947,6.2799206,3.6116753,HG02425,PEL,AMR,female
-91.02273,6.3244247,-4.430926,11.363046,9.919679,13.5075245,9.459906,-49.167515,-2.4318967,22.518003,NA18486,YRI,AFR,male
-93.15355,6.417964,-1.8997185,36.045223,0.60937405,-19.660643,-16.101997,-32.290344,-40.567123,-23.685701,NA18488,YRI,AFR,female
-86.159355,6.480381,-2.0517056,2.7481918,11.600589,-47.167847,-16.347301,-33.154026,-7.988458,-1.3669986,NA18489,YRI,AFR,female
-87.27742,5.6694016,-1.8951306,2.571981,1.1551704,-34.74855,-28.379204,-35.682404,-35.90904,47.490784,NA18498,YRI,AFR,male
-93.92296,8.848731,-3.1450999,40.878494,-9.379375,7.8625145,-44.839638,19.898672,-72.74156,70.84617,NA18499,YRI,AFR,female
-93.45431,6.7944736,-2.5107205,-19.166471,8.706964,28.381243,-72.222145,10.109994,-96.839455,29.993107,NA18501,YRI,AFR,male
-89.13937,6.976235,-4.162511,0.4741901,3.3899364,-21.890312,-14.894585,-35.02694,-22.164104,-20.862823,NA18502,YRI,AFR,female
-95.188255,8.372878,-4.261867,30.016558,4.5155044,-36.61051,-14.181362,-26.528885,72.634285,36.317513,NA18504,YRI,AFR,male
-93.67282,7.587275,-3.9460268,-1.0973318,7.928007,-13.615324,-36.738773,-34.849743,-14.14901,19.388212,NA18505,YRI,AFR,female
-94.465866,6.8047385,-3.865811,-21.545465,2.6807504,-0.03713671,-29.956472,12.1813,9.942878,54.751846,NA18507,YRI,AFR,male
-89.9809,4.5784736,-2.7379158,22.557692,-4.717928,-10.340582,13.678094,-7.2563534,27.784096,-38.50475,NA18508,YRI,AFR,female
-89.97735,5.781612,-2.182213,-0.25439954,-10.579193,23.197884,-42.75176,64.00999,-62.22207,-39.452213,NA18510,YRI,AFR,male
-90.49273,7.316749,-0.94675714,147.56668,-68.1525,63.78736,33.292366,33.888577,-31.870121,7.656726,NA18511,YRI,AFR,female
-88.80193,6.629827,-3.8092012,-18.942198,9.850447,-27.892393,-1.8902248,0.6147577,17.008463,-8.947706,NA18516,YRI,AFR,male
-88.4769,6.6496,-4.2218165,-26.783901,2.534988,60.64538,-37.28713,43.01478,44.326824,-49.925175,NA18517,YRI,AFR,female
-90.135086,6.5667744,-3.143005,-0.043501653,20.292845,14.587565,38.4274,-91.52172,-1.80911,-64.38346,NA18519,YRI,AFR,male
-98.582726,6.7580814,-3.6395206,9.025806,23.265936,-5.4772677,-23.43808,-85.92401,10.754034,77.19634,NA18520,YRI,AFR,female
-88.58181,7.497393,-1.868391,7.398172,-13.705161,12.188464,-4.818413,13.505109,-13.825296,-65.81811,NA18522,YRI,AFR,male
-91.52215,7.0626173,-2.86488,-11.8879795,-1.5009547,22.439545,-10.296952,18.898771,88.79189,11.830025,NA18523,YRI,AFR,female
24.120249,63.774082,29.325382,-0.676754,0.7116385,1.6942796,0.19271907,-2.6548946,-0.19077376,0.19909506,NA18525,CHB,EAS,female
22.809263,67.630745,32.196774,-2.37358,0.74449664,0.93118715,-0.81916356,-0.73047954,-0.14300387,-0.11189659,NA18526,CHB,EAS,female
23.494568,61.05937,25.555836,0.009153101,0.7601602,0.5110294,-0.5383461,0.16426033,0.34086013,0.24845986,NA18528,CHB,EAS,female
25.285843,66.217705,27.294327,-0.081809215,-0.9761793,-0.031231742,-0.1843281,-1.141789,0.48047075,0.38854215,NA18530,CHB,EAS,male
25.003351,69.99852,28.428633,-0.20683227,-0.116887204,1.1126571,-1.5363792,-1.979425,0.3914257,0.1027328,NA18531,CHB,EAS,female
23.404915,66.50182,29.170944,-1.2802155,-1.7578356,0.3906681,0.2054058,0.06983762,-0.07960127,0.63164425,NA18532,CHB,EAS,female
26.056437,68.88785,29.731333,0.7647292,-1.729839,-0.9445268,-0.5369482,-0.5447041,-0.8089766,-0.77815515,NA18533,CHB,EAS,female
24.825163,64.35656,27.528296,-0.71785444,0.43839237,-0.5663728,0.67727745,1.0033028,0.81909597,-0.42703268,NA18534,CHB,EAS,male
24.460093,68.175804,27.694904,0.46122137,-0.04917624,0.0028350658,0.07484601,0.63764566,1.7864598,0.20500669,NA18535,CHB,EAS,female
22.394447,67.28372,30.607492,-1.3435674,0.29838985,0.41230392,1.2502267,-0.64582574,0.43895873,-0.40912262,NA18536,CHB,EAS,male
23.157568,62.291653,25.513474,-0.88122237,1.198346,-0.40152112,0.7197397,-1.3930959,-0.64887863,-0.5658979,NA18537,CHB,EAS,female
23.304625,64.36821,25.300232,0.72714853,1.0150533,-1.1163082,-0.021860113,-0.20943601,0.4784227,0.6923944,NA18538,CHB,EAS,female
23.882526,61.804016,22.48619,1.8860784,-1.5669607,2.4314237,0.1569877,-1.5767047,-0.7274694,0.53929794,NA18539,CHB,EAS,female
24.11455,66.71653,27.766808,-1.7741964,0.6842392,-1.3600882,-0.925393,0.038175467,-0.069880396,0.053801123,NA18541,CHB,EAS,female
23.116692,61.6171,23.936243,0.14600389,0.8107197,-0.050076503,1.0096782,1.4311768,-0.2318157,-1.4896553,NA18542,CHB,EAS,female
23.392033,63.85965,29.885416,-0.22553244,0.15485246,0.8961316,-0.8050874,-0.908615,1.2635441,0.23147444,NA18543,CHB,EAS,male
23.513134,64.577156,28.119802,-0.47749266,0.7904682,-0.9723259,0.2790994,-0.33372355,0.32787707,-0.55629104,NA18544,CHB,EAS,male
24.19839,67.017715,25.889849,-0.7582339,-1.1423519,0.6619479,0.26203698,-1.1402642,-0.080851085,-0.4317984,NA18545,CHB,EAS,female
25.228695,67.971985,27.939861,-1.3291191,0.03455983,0.8487058,0.25147775,-1.1574032,0.22691649,0.14406192,NA18546,CHB,EAS,male
22.42648,64.61703,27.470448,-0.07948487,1.1036628,-1.0526867,0.07562193,0.5185905,-0.62358004,0.5724471,NA18547,CHB,EAS,female
27.208267,67.87419,30.45166,0.26765576,-0.33095822,-0.8875377,0.19044897,0.6952776,0.41390094,-1.1904916,NA18548,CHB,EAS,male
22.546957,62.221615,25.22941,0.048888557,-0.24791314,1.458807,1.1526364,0.4118028,0.027957315,0.19334477,NA18549,CHB,EAS,male
22.455061,61.49821,25.975178,-0.51493543,0.06842299,0.8070296,-1.4565697,0.850269,-0.12480878,-2.385572,NA18550,CHB,EAS,female
24.351849,63.400303,27.06814,-0.2797401,-1.617048,0.36063308,0.4999434,0.12308665,1.085308,0.100673325,NA18552,CHB,EAS,female
22.77521,61.289032,26.317066,-0.382485,-0.99325615,-1.7380294,0.25583777,0.4522831,-0.5387209,1.146236,NA18553,CHB,EAS,female
22.687218,68.36262,28.664854,-0.53161603,-0.5612606,0.63944787,-0.4030724,0.04461091,-0.5795723,-0.65462667,NA18555,CHB,EAS,female
24.689213,66.096115,27.546759,-0.24093436,-1.7951038,-0.7245517,0.28942937,-0.57825506,0.099194355,-0.045582604,NA18557,CHB,EAS,male
23.135199,60.22759,24.308796,-0.02915105,0.42119765,0.32970172,0.86869484,-0.1735208,-0.48436847,-0.67432576,NA18558,CHB,EAS,male
23.702976,68.704025,29.98184,0.017004885,0.5769763,0.15705982,-2.1169984,0.14542432,-0.299399,-0.09954703,NA18559,CHB,EAS,male
23.043756,59.18769,24.632133,0.3282111,-3.439482,1.1128165,2.1848605,0.028243694,0.6696356,0.38518748,NA18560,CHB,EAS,female
24.123865,68.74221,29.977062,-0.20273449,-1.5434315,1.6295226,0.38569275,0.1643937,1.7250805,0.14505313,NA18561,CHB,EAS,male
22.598818,56.606613,22.656847,0.33836785,0.169021,0.8999638,-0.12474427,0.79808295,0.5558571,0.064830855,NA18562,CHB,EAS,male
24.897545,63.7994,25.673468,-0.31288993,0.983899,1.3492587,0.23607178,1.7333181,-0.79505587,-1.3164462,NA18563,CHB,EAS,male
22.99711,57.274292,26.357098,-1.1067673,-1.1604338,-0.036570393,2.3736675,-0.85250384,-0.57152504,0.13827668,NA18564,CHB,EAS,female
24.259937,66.1386,27.453156,0.5029313,1.9231795,-0.7518281,0.48765478,0.27198997,-0.26654446,0.7979944,NA18565,CHB,EAS,female
26.67484,64.62481,25.16377,1.2856371,0.22073215,0.38470802,-0.278476,-0.5697565,-0.22004478,-0.07319141,NA18566,CHB,EAS,female
24.293207,68.46214,28.194094,-0.3416527,-1.7397606,0.7546348,1.9384634,0.2125773,-0.78496826,1.1890169,NA18567,CHB,EAS,female
25.672642,68.49312,31.690233,0.92710865,-0.58230007,-0.30927017,-0.85416865,-0.691167,3.1734219,0.12444264,NA18570,CHB,EAS,female
23.488997,61.985104,27.964304,-0.5166954,-2.352003,0.20035289,-0.28313324,0.07301836,-0.7593046,0.6085598,NA18571,CHB,EAS,female
24.904343,68.03674,29.636736,-0.05201814,-1.4508744,-0.37805125,1.4632401,0.91108644,0.22320208,0.9107879,NA18572,CHB,EAS,male
23.293491,64.28385,28.09343,-1.0475737,-0.84493524,0.5394457,0.95745575,-0.4250989,0.0060812384,0.7164265,NA18573,CHB,EAS,female
22.195906,56.579155,21.52393,-0.29609743,-0.13234204,1.372814,-0.4913248,-0.7369425,-0.27931827,0.28124717,NA18574,CHB,EAS,female
21.246742,61.18957,25.025736,0.20668507,-1.2268746,-1.2156107,-0.3775185,0.21340233,2.264575,-0.10850909,NA18577,CHB,EAS,female
24.005447,68.17854,26.94606,-0.048128143,0.13799474,-0.86365974,0.5886027,0.6187834,0.42489237,0.436193,NA18579,CHB,EAS,female
23.908327,60.413105,26.66509,-0.7597696,-0.0068665575,0.1978585,0.36009935,0.006420089,-0.5579021,-0.35825437,NA18582,CHB,EAS,female
24.10415,64.72272,26.340105,0.7157007,0.27474603,-0.5775284,0.6646808,0.31815273,1.2997581,-0.75302947,NA18591,CHB,EAS,female
23.383148,67.82898,30.895971,-0.6220271,0.39718372,0.47410282,-1.764717,-0.38246614,-1.3635645,1.2729133,NA18592,CHB,EAS,female
23.916803,71.69804,32.57494,-0.46290597,-0.5165929,-0.5791525,-1.3634964,0.95162255,-1.9156342,0.32620114,NA18593,CHB,EAS,female
23.657803,64.91241,25.505384,1.0488502,0.5576925,0.7412282,-0.9257901,0.036028095,0.84047544,0.8668411,NA18595,CHB,EAS,female
22.187696,64.00153,27.215914,0.024711663,-0.6221569,-0.36409172,0.5335836,1.7105888,1.235337,-0.7845907,NA18596,CHB,EAS,female
25.056122,59.45852,25.841604,0.6487245,-0.37514174,0.091314375,0.59662557,-0.27027753,-0.026631964,0.35771394,NA18597,CHB,EAS,female
24.594265,67.3139,28.498316,1.1381677,0.7976801,1.224607,1.3284057,0.06598661,-1.3600281,-1.503158,NA18599,CHB,EAS,female
23.757343,66.27685,28.087538,-0.65973693,-0.5624705,-0.63548785,1.7712678,-1.792098,0.6646348,0.8787361,NA18602,CHB,EAS,female
22.055119,60.375645,24.291464,0.47912297,0.55094886,0.62222874,0.9428432,0.95126337,-0.5027931,-0.73933893,NA18603,CHB,EAS,male
22.75666,63.80976,25.53958,1.1089847,1.1834807,-0.67404515,-0.7251283,-1.781553,0.267405,-0.9281229,NA18605,CHB,EAS,male
22.959625,63.077366,26.963074,-0.53853536,-0.07243595,-0.70651907,-0.33315015,-0.6600217,-0.55600053,0.032191064,NA18606,CHB,EAS,male
24.573124,58.71335,26.195501,-0.9433565,-1.6522661,-0.031306632,1.115805,-0.07304058,-1.1306217,-0.319066,NA18608,CHB,EAS,male
24.571774,68.08232,28.930883,-0.81022084,-0.47469673,-1.4349732,0.24531366,-1.553414,0.17998919,1.4175905,NA18609,CHB,EAS,male
22.092873,63.97691,27.302917,-1.4912119,0.7616489,1.4280524,0.18209954,-0.34939826,1.162137,-0.8240084,NA18610,CHB,EAS,female
24.290447,63.47211,27.768509,0.9850978,-0.07077469,0.881386,1.3023721,0.08821607,-0.60094255,0.30573484,NA18611,CHB,EAS,male
23.871716,64.29872,27.374289,0.39289033,-0.28910467,-0.6990273,0.7842436,-0.10045804,1.5962119,1.7833136,NA18612,CHB,EAS,male
24.935308,63.107586,27.434084,-0.73952276,-1.0740232,-0.12860961,-0.61823535,0.4564049,0.9162923,-0.37453416,NA18613,CHB,EAS,male
23.871284,63.342365,24.070808,0.38234347,0.5730982,1.3113233,0.39702424,-0.92507684,-2.3619342,-0.83460927,NA18614,CHB,EAS,female
23.726257,65.92209,29.880592,0.76547754,-1.2090126,1.4450955,0.90564144,-0.5072856,-1.0698262,-0.22364496,NA18615,CHB,EAS,female
23.114521,63.79717,23.913681,-1.2928065,-2.0518963,-1.1085222,-0.23137097,-1.105523,1.5843662,-0.97565264,NA18616,CHB,EAS,female
24.152842,67.339584,29.269169,-0.20344616,-0.8213815,0.19030127,0.69778454,-0.2806847,0.37605226,1.0808394,NA18617,CHB,EAS,female
23.419836,62.211918,23.789965,-1.0948857,0.13529785,-1.6434617,-0.8370969,-0.022695739,0.80334544,0.91753876,NA18618,CHB,EAS,female
23.340508,57.63506,28.912464,0.36940956,-3.8514814,-0.47237146,-1.5193075,-0.043892756,0.20891827,-0.48579225,NA18619,CHB,EAS,female
24.020706,62.710407,23.807684,0.25023055,-0.5516805,-0.6452199,0.47300047,0.12858798,-1.9576825,-0.14147563,NA18620,CHB,EAS,male
24.54311,55.622448,23.793247,0.08566249,-1.82397,-0.30625948,-0.9310009,-0.48756877,1.0380578,0.0015250847,NA18621,CHB,EAS,male
24.796522,64.47331,25.70019,-0.28250965,0.15615128,0.46712327,0.8053396,-0.49853247,-0.76472336,0.49989465,NA18622,CHB,EAS,male
24.494915,63.32103,26.090706,-0.53307194,-0.010908983,0.31080428,0.68501484,0.44738767,1.1206254,0.33589703,NA18623,CHB,EAS,male
23.897463,66.517006,29.100172,1.0660062,-0.2216717,-2.0508525,0.5639622,0.2846326,-1.3823161,-0.05487525,NA18624,CHB,EAS,male
22.939337,66.08701,27.04999,1.8558092,-0.2712455,-0.08252477,-0.83893037,-0.59596056,0.9429009,-0.17966588,NA18625,CHB,EAS,female
23.268492,63.228924,27.77122,-1.053383,-2.5848184,-2.916229,0.71555585,-0.89039403,-2.1055758,-0.5555307,NA18626,CHB,EAS,female
23.580952,60.339073,24.212873,-0.43492168,1.7266028,0.9507343,-0.22718297,0.4500981,0.2211921,-0.09097323,NA18627,CHB,EAS,female
23.28469,66.61342,29.516783,-1.0865804,-1.5744504,-2.0557172,-0.6261968,1.1406523,-0.09715549,-0.609914,NA18628,CHB,EAS,female
24.160942,66.44229,28.634634,-0.6226064,-1.8503097,0.7480452,0.0886712,-2.1841307,0.6795876,0.40969428,NA18629,CHB,EAS,male
21.824038,63.23476,27.374975,0.20944047,-2.097007,1.4818817,-0.6625549,1.3253033,0.6959063,0.6706071,NA18630,CHB,EAS,female
22.41076,67.65631,27.958055,0.94922787,-1.7999296,0.81345254,0.54445666,-1.7429823,1.3363268,-0.57927334,NA18631,CHB,EAS,female
23.844778,67.82866,26.551655,-0.37258154,-1.8443207,0.80617535,0.22426406,-1.0994583,-0.30764303,0.89003223,NA18632,CHB,EAS,male
22.410202,66.13211,28.111853,-0.83870065,0.37857956,0.053968407,-0.96474904,0.07331783,-0.295228,0.5134018,NA18633,CHB,EAS,male
23.183958,66.83892,31.45509,-1.1676112,-0.37811407,-0.02543378,0.006950103,-2.0265465,1.6777331,-0.11261155,NA18634,CHB,EAS,female
24.16643,67.24362,27.44887,-0.29591894,2.250022,1.6155219,-1.4229215,-0.36483172,0.62197393,-0.039415233,NA18635,CHB,EAS,male
25.420954,66.3933,29.573624,-2.2884088,-1.0545702,0.32797122,-0.940409,-0.10199031,-0.0116295125,1.3635992,NA18636,CHB,EAS,male
24.256626,63.13776,26.312677,-0.531029,-0.22545104,-1.2156007,-0.2933569,1.1049871,0.58179575,0.2915473,NA18637,CHB,EAS,male
23.689102,69.259285,32.583656,-0.40425515,-0.2883593,1.1576328,0.7611034,-0.40272728,0.24820197,0.43948886,NA18638,CHB,EAS,male
24.591375,69.117065,29.90508,-1.6310812,-1.9761841,-0.3693807,0.11424682,0.9306274,2.230455,-0.75548005,NA18639,CHB,EAS,male
23.540041,61.079468,25.98297,-0.5018695,0.039470036,1.0295454,-0.330276,-0.5372267,0.8985632,0.7375945,NA18640,CHB,EAS,female
23.36608,65.635994,24.558462,-1.1686329,1.0305628,-0.10912404,1.0728049,-1.6287022,-0.64259315,0.33045784,NA18641,CHB,EAS,female
23.677488,64.66978,30.2594,-0.05761904,0.27991614,-0.74803853,1.2047328,-0.1327334,0.6918101,-1.2223083,NA18642,CHB,EAS,female
24.127346,69.33057,30.451168,-0.28986472,-0.110128865,0.4958459,-0.37543437,0.77727616,0.939386,-0.59798723,NA18643,CHB,EAS,male
23.970486,64.08582,24.480875,-1.0814005,-0.7339459,-0.44021395,0.7143094,0.5738125,0.6542542,0.85606843,NA18644,CHB,EAS,female
23.45322,62.61298,22.493067,0.09649923,0.50300384,0.37310016,0.69703966,-1.577107,-2.1716428,-1.5657501,NA18645,CHB,EAS,male
23.77363,64.096596,28.145325,-0.07057976,-0.37776694,0.6476061,0.21859728,-0.2433102,0.14389867,0.5549473,NA18646,CHB,EAS,female
23.294682,63.97822,26.78048,-0.80429846,1.8386968,-2.0787084,0.23762928,2.501428,-1.1218693,-0.6988843,NA18647,CHB,EAS,male
24.179914,63.94872,23.596523,0.049680073,1.9576492,-0.45243493,-2.1280756,0.28503242,-0.6802325,-2.0435498,NA18648,CHB,EAS,male
22.781202,65.06267,27.541512,-1.6484128,-2.0576785,0.9207425,0.3628397,1.9507911,-0.4402749,-0.85899353,NA18740,CHB,EAS,male
24.281612,63.943405,24.13547,-0.34750235,0.9846342,0.7705108,-0.43757057,-0.80198205,-1.6739006,-0.31478405,NA18745,CHB,EAS,male
24.039236,63.01885,25.951946,1.4881343,0.42035207,-1.734817,0.37993443,1.169444,0.31899118,-1.0669675,NA18747,CHB,EAS,male
24.036852,62.596672,24.101574,-1.3635863,-1.0895764,0.008281601,-0.23527123,0.042029664,-0.322779,-0.7479812,NA18748,CHB,EAS,male
23.476337,63.437866,29.892775,0.6264989,1.8441496,1.0733044,-1.0787506,0.60741305,0.06275494,0.4021592,NA18749,CHB,EAS,male
22.987093,62.892014,27.023424,0.79468936,-1.7668383,0.90551347,1.006501,1.5275643,-0.22813265,-1.1692803,NA18757,CHB,EAS,male
-91.54036,7.962184,-2.8418574,-17.067816,10.193111,15.825996,-21.38364,27.340101,-59.39558,-23.75434,NA18853,YRI,AFR,male
-83.992386,4.6446085,-0.12886061,-23.324194,8.09346,28.976236,2.3418946,-38.343597,-32.039486,31.130672,NA18856,YRI,AFR,male
-92.50367,6.1879253,-3.19991,-19.23274,1.1529688,0.15090424,-16.340464,-1.4378396,52.540604,9.008166,NA18858,YRI,AFR,female
-92.06971,8.218015,-5.5744033,6.455233,10.2313595,-21.330671,-6.876318,34.29473,36.549335,-135.20549,NA18861,YRI,AFR,female
-93.69217,6.2630177,-3.2821076,-2.7465587,-13.74034,15.079842,-24.443357,17.19707,-31.166677,67.00064,NA18864,YRI,AFR,female
-90.55643,5.624851,-2.684302,50.503567,-44.811367,37.824833,40.169292,18.297281,36.40919,121.50661,NA18865,YRI,AFR,male
-90.53872,6.6212754,-1.4540849,-20.976084,14.209521,-10.349763,1.9770011,23.728024,76.82257,12.925178,NA18867,YRI,AFR,female
-94.525375,6.9363494,-4.235608,-14.35064,16.466953,-15.951841,3.831425,23.019527,-44.844917,46.028446,NA18868,YRI,AFR,male
-96.495804,7.7959275,-2.233042,-60.53345,16.612026,87.12618,86.4007,37.8099,25.839462,47.105427,NA18870,YRI,AFR,female
-93.715,6.809945,-2.5019445,-12.411133,11.226122,-13.876792,-20.024605,-1.7780212,-23.95629,-10.27564,NA18871,YRI,AFR,male
-86.445435,5.842857,-1.7639629,-9.941574,7.967043,-23.054873,-42.32107,-25.774727,-13.925659,11.98938,NA18873,YRI,AFR,female
-94.04774,7.1810904,-2.0081415,0.91639185,-5.0889206,-1.8779978,-43.71422,6.2469378,-16.766956,-16.342188,NA18874,YRI,AFR,male
-97.00544,7.652016,-2.504545,35.836617,-3.4950576,-31.731026,13.967448,-24.55666,-22.451973,-66.88347,NA18876,YRI,AFR,female
-89.1869,7.148383,-2.8380997,21.51695,-21.86505,41.27959,-0.5730709,-12.330222,29.54869,-0.4922819,NA18877,YRI,AFR,male
-92.809296,8.456286,-2.037904,-18.0189,14.115991,-27.191504,-0.75889826,-21.669556,47.59649,-26.309414,NA18878,YRI,AFR,female
-90.23701,7.894138,-2.142053,-16.637957,-12.976516,4.8331337,-58.83445,-38.246777,-1.6235248,14.230858,NA18879,YRI,AFR,male
-94.544876,5.7116218,-4.6362233,30.432299,21.25544,-51.193466,-18.004486,-115.73943,43.042183,-12.645723,NA18881,YRI,AFR,female
-91.73562,6.358505,-4.594304,-6.767582,-2.4082887,13.403534,-49.15938,-8.388516,-19.337185,-1.1481813,NA18907,YRI,AFR,female
-95.58328,7.9477887,-3.9739988,-21.039007,9.604632,-15.225753,53.23348,39.28663,6.409281,1.7613066,NA18908,YRI,AFR,male
-90.02524,4.9984922,-3.0379927,-13.696685,9.869224,0.026471976,22.274261,8.4661455,31.015291,23.32818,NA18909,YRI,AFR,female
-91.94822,6.7926874,-4.224065,-26.796677,12.228508,-14.436742,-28.96333,7.358954,16.136982,45.26501,NA18910,YRI,AFR,male
-94.778435,8.136396,-5.481018,21.498547,11.11516,-180.1812,148.00569,56.25733,-9.930011,26.836647,NA18912,YRI,AFR,female
-96.5025,7.2183266,-2.1813757,-29.281483,26.263199,-38.65445,-51.43567,1.4273385,-113.48602,-41.22248,NA18915,YRI,AFR,male
-96.25689,6.4522977,-4.240616,20.630379,0.71308804,-21.201368,32.467804,24.369884,27.720406,-115.13396,NA18916,YRI,AFR,female
-91.48344,4.9391212,-2.39967,-32.659733,-10.451088,77.885185,30.934662,69.15377,64.43403,58.504826,NA18917,YRI,AFR,male
-97.94252,6.931134,-3.1013901,4.829234,-6.135316,37.268044,-26.938822,-35.27951,25.642376,14.041586,NA18923,YRI,AFR,male
-95.24821,6.826336,-3.279468,-1.3523256,0.8453174,14.680445,17.770103,7.7889695,21.191204,62.470562,NA18924,YRI,AFR,female
-92.25978,9.303403,-4.7788005,3.6487076,13.3435955,-6.2727413,6.903265,-25.507183,22.403063,-10.389203,NA18933,YRI,AFR,female
-98.01746,7.100165,-2.522822,5.691901,-2.9734561,6.11122,-8.075959,-25.998348,93.88472,-42.71294,NA18934,YRI,AFR,male
-90.18288,7.442976,-5.552821,6.186866,-6.4673433,19.312296,-17.758661,-4.2667623,-4.4315004,8.500001,NA19092,YRI,AFR,male
-96.228004,7.242109,-2.259711,-70.10386,29.422201,25.616657,14.303006,41.970284,-71.19532,-48.363308,NA19093,YRI,AFR,female
-91.05722,7.271416,-1.9690262,-19.514647,26.608746,-12.969166,-39.79893,-12.077728,-17.69951,16.005983,NA19095,YRI,AFR,female
-92.10426,8.175377,-3.4810166,-22.904282,13.754967,-3.8517582,-27.550419,11.220464,-41.650528,18.336605,NA19096,YRI,AFR,male
-90.685646,6.094175,-2.466002,-21.875929,21.367819,21.70917,-70.02619,-105.34701,21.91505,0.25960156,NA19098,YRI,AFR,male
-92.67946,7.1486487,-1.6543388,3.2662506,-4.4131217,10.8478365,-32.394753,4.1362267,-39.97915,-29.586987,NA19099,YRI,AFR,female
-89.21128,6.336254,-3.7826574,-16.721231,-6.594676,12.564441,-3.2439392,25.631273,1.3942182,1.0239608,NA19102,YRI,AFR,female
-92.69685,7.056364,-2.4911082,5.2137976,1.6731803,-47.730606,38.86086,-3.7944365,19.333603,15.018447,NA19107,YRI,AFR,male
-91.62025,7.113789,-3.8564568,-4.9002934,8.067704,-9.047106,1.7063217,28.642347,-7.541133,31.788807,NA19108,YRI,AFR,female
-90.28434,6.9217978,-3.5219223,-27.538683,9.231608,15.087328,-4.2878294,15.733078,-12.213887,32.436855,NA19113,YRI,AFR,male
-96.13581,7.9671774,-3.9466016,5.40682,28.410643,-48.074463,28.213308,-39.08274,-48.404755,-32.16154,NA19114,YRI,AFR,female
-95.199295,5.8905993,-2.2381642,11.380021,-7.864101,-21.347595,-13.054374,-42.493935,-0.21380179,67.66256,NA19116,YRI,AFR,female
-92.8475,7.326595,-2.9768999,6.529467,9.827052,-10.520114,-19.116636,-51.961246,9.75029,0.2798765,NA19117,YRI,AFR,male
-77.80091,2.9197495,1.4019854,-12.055794,10.217548,-20.246813,33.91066,30.988821,2.8376133,-8.755077,NA19118,YRI,AFR,female
-95.68537,7.383202,-1.8568802,28.500381,-5.4468913,-18.219421,-33.02101,-35.270123,19.95934,-34.65906,NA19119,YRI,AFR,male
-91.70726,7.10706,-3.8136954,-33.17992,11.0929365,17.233526,-23.421858,37.36253,-37.166275,16.089912,NA19121,YRI,AFR,male
-92.681366,6.4142413,-2.276245,3.0950732,-11.938761,21.732334,-24.964214,-11.121277,8.178806,-7.772017,NA19129,YRI,AFR,female
-90.89562,6.8867316,-3.7884748,-17.62802,6.118761,-2.9074366,18.800915,40.42007,-32.129917,-33.554325,NA19130,YRI,AFR,male
-90.368256,8.91023,-3.0074706,26.309849,-7.150195,-39.03069,48.733948,17.718853,31.080688,15.320478,NA19131,YRI,AFR,female
-90.56184,7.7448635,-3.8015552,31.004538,-7.0832834,-1.2780064,14.868841,-0.69045234,12.495566,-45.323925,NA19137,YRI,AFR,female
-90.82037,8.066582,-2.1656926,-36.63284,9.402301,1.3414866,-29.146257,24.283844,-58.32977,12.687873,NA19138,YRI,AFR,male
-87.525406,7.09662,-3.1658263,-17.591625,15.208475,-9.056823,15.612648,8.39351,28.844744,25.768085,NA19141,YRI,AFR,male
-93.75073,8.0416975,-1.1925588,4.9961824,13.983092,-70.414566,7.6436386,11.264128,-63.540573,34.047806,NA19143,YRI,AFR,female
-94.26785,7.431282,-2.5535996,269.54593,-120.863365,127.67946,57.47123,12.882068,-70.76249,-0.4311968,NA19144,YRI,AFR,male
-93.98226,6.139484,-1.9820704,-8.148003,10.276414,2.751215,-29.508915,-7.194515,-1.0152266,-18.713642,NA19146,YRI,AFR,male
-88.479454,5.208183,-4.9477415,26.885752,-3.7791023,-48.79838,63.94052,5.632916,77.25652,-33.427006,NA19147,YRI,AFR,female
-95.86667,6.671956,-3.4352474,-32.863823,-5.46559,33.98426,31.799973,130.22917,33.665115,-14.764548,NA19149,YRI,AFR,female
-93.80952,5.762269,-5.9957876,-59.193077,12.683318,96.4905,59.575863,64.65751,-57.085472,-58.188183,NA19152,YRI,AFR,female
-91.820175,6.941936,-3.8311155,21.20513,-2.333628,-8.576438,-0.25580275,-65.93969,55.950413,-46.886875,NA19153,YRI,AFR,male
-93.33697,7.5797954,-2.6237288,-4.215468,2.4548957,-41.268066,4.129844,-12.363478,30.365086,-9.969363,NA19159,YRI,AFR,female
-93.36874,7.070651,-1.5151434,-12.401148,14.45865,-165.00516,123.9369,36.50271,-86.78883,45.01194,NA19160,YRI,AFR,male
-90.910286,5.2200365,-1.1756372,-30.03551,21.043558,-17.186903,27.707747,10.898476,-22.934685,4.189668,NA19171,YRI,AFR,male
-92.009,6.218564,-3.1228797,74.60161,-22.716599,-35.42993,96.36712,-71.66931,25.305573,-18.723513,NA19172,YRI,AFR,female
-92.40027,6.172334,-2.924871,-21.06478,7.7684436,-11.259337,4.7465153,29.52207,9.206143,76.17923,NA19175,YRI,AFR,male
-93.997025,7.7777443,-3.0814805,5.672778,-4.3574576,-2.7066662,-6.655279,-8.042247,17.97462,-5.101742,NA19184,YRI,AFR,male
-94.15289,8.936287,-5.546614,-11.162513,-11.074107,47.364246,-12.171864,61.94414,51.363094,-39.989395,NA19185,YRI,AFR,female
-89.87271,7.914382,-4.329507,-5.306317,-6.2552586,49.566772,-2.6963887,-0.31384674,-9.021641,35.699844,NA19189,YRI,AFR,male
-90.63442,8.942671,-4.438224,1.0828941,3.5601084,29.926647,-24.102678,-12.677556,57.76089,31.057749,NA19190,YRI,AFR,female
-92.372505,5.723581,-1.9502608,-26.506124,10.116135,-7.7564497,-1.0663474,-2.3556867,46.909035,4.3077016,NA19197,YRI,AFR,female
-94.38975,8.064886,-2.2150328,-27.364475,25.894272,-20.075346,15.178873,-48.336655,-15.307765,-14.882562,NA19198,YRI,AFR,male
-91.48597,5.459375,-1.0468491,-33.080112,10.717098,18.950623,-27.191494,33.686584,40.37189,3.8376696,NA19200,YRI,AFR,male
-92.27848,8.65455,-5.0165153,31.115181,-24.202845,12.824852,-29.979214,18.087872,-5.118705,-105.499794,NA19201,YRI,AFR,female
-92.23336,5.2395754,-1.6624403,46.05156,-13.067095,-27.84088,26.63732,-9.441188,-49.934956,11.872819,NA19204,YRI,AFR,female
-89.98408,6.9345255,-0.609872,74.846375,-25.89143,4.144877,-9.078079,-27.743132,-10.2911415,-20.035301,NA19206,YRI,AFR,female
-89.2256,5.406893,-2.5519142,5.6723275,3.2636504,10.452291,-7.503435,-10.961737,23.924023,5.564463,NA19207,YRI,AFR,male
-87.72492,6.0214763,-2.00163,2.9193306,-9.782801,36.34284,-15.149174,35.682507,26.122559,0.13870543,NA19209,YRI,AFR,female
-91.77126,7.015202,-1.0887305,-11.344812,12.6535635,-7.8781357,-47.980343,-11.288639,-28.121847,15.559755,NA19210,YRI,AFR,male
-94.238945,7.7686553,-3.6960034,-1.3346692,-8.565091,-5.6641474,19.315634,71.82039,-19.411306,-57.528946,NA19213,YRI,AFR,male
-94.55972,7.940354,-1.8837806,0.056077797,-11.664298,-12.322919,10.006501,7.3015227,53.51443,4.6515317,NA19214,YRI,AFR,female
-96.19518,7.4237514,-2.4360733,-14.705133,11.114005,2.5106237,-16.880556,69.16921,-26.913307,-54.73635,NA19222,YRI,AFR,female
-98.07402,5.7903676,-3.760066,-67.75507,17.637932,110.13161,128.17513,12.155702,39.318233,78.49519,NA19223,YRI,AFR,male
-94.77883,6.735218,-3.4418566,28.602293,0.50639015,34.23345,-37.71818,-56.46547,35.70983,53.104683,NA19225,YRI,AFR,female
-95.65458,6.803713,-4.891689,-11.053155,0.40988156,-8.639333,-14.405714,-16.47593,52.91486,-51.41804,NA19235,YRI,AFR,female
-87.02763,5.914367,-1.2590253,5.379871,8.407831,-25.737114,-3.5188441,-25.573835,21.30799,14.563277,NA19236,YRI,AFR,male
-92.24098,8.612226,-2.6710246,-13.781661,8.88217,-18.526266,-38.77035,-10.03905,-16.277542,18.934729,NA19238,YRI,AFR,female
-94.6181,8.611416,-3.8136191,-36.374866,2.6333067,6.452082,-30.585598,3.2790613,20.199646,-24.448349,NA19239,YRI,AFR,male
-88.91579,8.184856,-2.154164,0.016607767,2.3660777,-37.773247,42.808125,44.539207,19.87782,2.454747,NA19247,YRI,AFR,female
-91.09415,9.000321,-4.2224092,-48.812656,19.975931,31.37006,-24.485813,-4.340147,-68.87013,-30.460052,NA19248,YRI,AFR,male
-87.2541,6.151562,-4.3082647,-8.674113,-9.898934,25.822557,-38.273792,10.910012,-9.1650715,10.150675,NA19256,YRI,AFR,male
-95.946465,7.7125974,-2.787982,49.00411,-26.47683,5.4832454,-5.9069448,-5.812424,-68.959625,7.5817842,NA19257,YRI,AFR,female
16.912378,-29.447012,23.249357,3.9139402,4.635274,-1.0919187,-2.3026628,3.928737,0.95952636,0.98665494,NA19648,MXL,AMR,female
18.28459,-25.275944,12.565571,5.3807817,9.124349,-0.67350894,-1.7323357,3.930995,1.8651243,-0.4242946,NA19649,MXL,AMR,male
22.390993,-11.358058,-18.767511,0.72468007,0.032742485,-0.95323914,-0.88338715,-0.3912004,-0.17472602,-0.22884661,NA19651,MXL,AMR,female
16.739994,-15.722468,-0.8343747,1.4005789,4.5912232,-0.86181575,-0.9815437,2.2308009,1.9824848,-1.2362355,NA19652,MXL,AMR,male
20.89047,-9.773234,-15.320761,1.6276702,1.9119191,-0.33668873,-0.39382094,0.11464857,1.3271681,0.14615712,NA19654,MXL,AMR,female
19.308277,-5.391195,-19.582008,0.7130134,0.0076598995,-1.0413139,-0.039692894,1.9938138,0.8199935,0.034281865,NA19655,MXL,AMR,male
21.482065,-6.0575233,-27.042719,5.262972,8.397127,1.9833869,-1.3046108,2.002173,0.21025315,-0.29783112,NA19657,MXL,AMR,female
4.152403,-2.846235,-25.173155,0.6169785,-2.068638,-3.5715702,0.3644011,4.5652194,-2.9142962,-0.9080231,NA19658,MXL,AMR,male
19.528105,-5.619135,-21.880096,0.05454409,0.6164107,-0.86719996,0.31875262,-0.99378836,-1.2327904,-0.12748298,NA19661,MXL,AMR,male
21.105347,-5.250839,-22.139357,0.95802456,2.2277687,-0.0049040015,1.6377352,-0.5231483,1.010004,0.60327184,NA19663,MXL,AMR,female
19.237629,-14.861124,0.17973623,3.2974777,2.9565287,2.538514,0.7280285,-0.038026385,0.40897936,-0.70565087,NA19664,MXL,AMR,male
20.5439,-8.447403,-10.460667,-0.4830573,3.3800638,2.0428944,2.4145381,-3.31656,-1.0971438,-0.8578889,NA19669,MXL,AMR,female
5.577701,-2.5385184,-21.43842,1.8210701,0.72316927,0.34691176,4.499098,1.2390405,0.7316046,-3.254984,NA19670,MXL,AMR,male
20.849249,-19.539503,6.3797264,1.0881996,3.9826012,2.259086,3.8317041,-3.3332746,-0.3136032,0.51690304,NA19676,MXL,AMR,male
11.626203,-15.725639,0.3079362,-2.3181846,3.0816145,2.5168324,0.89729494,1.733657,1.6105386,0.9418766,NA19678,MXL,AMR,female
17.214024,-20.235945,9.020728,1.2179719,0.7378717,-0.9499707,-0.7219975,0.8976403,-0.13698775,1.2584076,NA19679,MXL,AMR,male
21.363613,-2.2213495,-25.395536,0.15806554,0.895948,0.1989932,-0.16506004,0.33570758,-0.67626435,0.87926066,NA19681,MXL,AMR,female
13.114767,-4.7379136,-17.339243,1.1855952,0.4693152,1.654988,-0.26029736,2.3235936,2.2020473,-1.0280029,NA19682,MXL,AMR,male
20.697283,-14.770554,-10.479441,1.4625396,3.128915,0.9311202,1.1130023,2.3078353,1.0814018,-1.0125297,NA19684,MXL,AMR,female
20.099348,-13.207549,-10.045551,2.4950275,1.43594,-0.84523606,-0.2658399,0.96152985,0.55354756,-0.38559267,NA19716,MXL,AMR,female
23.354921,6.6472564,-41.949646,-1.074694,0.22856754,-0.5874505,0.028702674,-0.47408146,-0.6715897,0.6829658,NA19717,MXL,AMR,male
14.770835,-13.553075,-7.488822,3.5936968,0.48690173,-2.0557811,0.46682504,2.3087072,0.27961007,0.35918227,NA19719,MXL,AMR,female
13.010017,-5.7278857,-18.82841,-1.4210895,-1.3911657,0.45134494,0.92033446,-1.4947793,1.6634575,-0.1191352,NA19720,MXL,AMR,male
-2.9294105,-13.380915,0.07400105,1.5944582,-2.6665764,5.5116434,4.5286856,-1.0859741,-1.131629,-4.728998,NA19722,MXL,AMR,female
18.530272,-2.560012,-23.739698,3.2202444,2.2582712,2.6364126,-1.0719626,-1.5276229,3.3389802,0.18319012,NA19723,MXL,AMR,male
3.791535,-15.779073,6.1198626,-1.2463421,3.6429532,-1.9748107,0.8967348,3.4186423,-2.103429,-0.35859236,NA19725,MXL,AMR,female
24.39184,7.479761,-47.371357,-0.9396589,-2.2313612,-0.6749848,0.4506047,-0.6896979,-0.44463503,0.3564994,NA19726,MXL,AMR,male
12.047666,0.022265254,-32.245087,-1.9650409,-3.0746257,1.9997206,0.60792816,1.0315121,-1.785244,2.129486,NA19728,MXL,AMR,female
20.783941,-14.576348,-10.091534,2.5213852,5.654602,-0.84581465,-1.1144893,2.0647078,1.7609658,0.16782536,NA19729,MXL,AMR,male
21.057167,3.2825186,-33.727127,0.7466108,0.27680492,-3.0861409,-0.44593,0.97459704,-0.36442098,-0.49739173,NA19731,MXL,AMR,female
24.769659,9.243752,-49.00755,-0.22836268,-0.04343569,0.025823237,-0.052987717,-0.7099973,-1.0747626,0.05511276,NA19732,MXL,AMR,male
18.935745,-11.027388,-9.855471,1.7662921,3.9945471,0.23930974,2.052457,-0.8100607,0.35908592,1.8242946,NA19734,MXL,AMR,female
20.103743,-5.7194366,-17.323359,0.75172323,1.8312923,-1.071605,-0.8778191,1.9203719,0.21949136,0.59624815,NA19735,MXL,AMR,male
17.945757,-9.329218,-10.240228,2.0694027,3.8488493,-0.36302927,-1.8426181,1.2427025,-0.18646444,1.5579942,NA19740,MXL,AMR,female
22.162977,16.666464,-31.96675,0.56915236,1.7291672,0.11889977,0.39381537,-0.9824312,-0.66718155,0.3201802,NA19741,MXL,AMR,male
16.86437,-8.558594,-14.000712,-0.19146977,-2.9134824,-0.89971995,-1.0371418,0.8245577,-0.44548577,-2.8748355,NA19746,MXL,AMR,female
20.935581,-2.722557,-27.950346,1.3206853,0.2624021,0.68382096,0.9941186,-0.39300048,-0.0030840328,2.2876663,NA19747,MXL,AMR,male
22.840351,31.907225,12.099391,0.10086022,1.3140224,-1.447051,2.1871748,-0.7363873,1.172775,2.6085103,NA19749,MXL,AMR,female
17.41159,-21.048264,5.5785866,3.7168992,5.6643143,1.1606687,0.19783784,3.6199436,3.3061335,-0.018163905,NA19750,MXL,AMR,male
19.642859,-6.5384207,-18.911312,2.1790657,4.0402207,-0.28964713,-1.4875778,-0.5509252,-1.8759013,-0.7615566,NA19752,MXL,AMR,female
20.049582,-8.744165,-10.673596,3.8623688,5.617855,-1.2970823,-0.563081,1.6709912,0.4821188,0.6279333,NA19755,MXL,AMR,female
10.220889,-6.191647,-16.170815,-1.2832342,0.09644251,1.1797261,-1.1749048,0.035557974,2.5100117,-1.8225296,NA19756,MXL,AMR,male
22.749907,0.38008183,-30.596214,1.0935323,3.463628,1.3225545,1.2110001,-0.43987393,-0.35199842,0.47167572,NA19758,MXL,AMR,female
23.029686,2.7342935,-35.322037,-0.33735663,-0.76680857,-0.15129839,0.21857066,1.1492628,1.1210604,-0.23930828,NA19759,MXL,AMR,male
22.229435,-0.4395455,-30.701817,-0.84677875,0.4935656,0.37197632,0.7275433,-1.1743867,-0.25340915,-0.48181474,NA19761,MXL,AMR,female
18.351938,-11.96987,-11.0759535,1.1428286,1.5975084,1.1261811,1.6683847,0.30385035,-0.21783423,3.3888144,NA19762,MXL,AMR,male
17.674599,7.360492,-33.98736,0.37345204,0.94378865,-0.909068,0.60852134,2.3703961,2.3885176,0.06626529,NA19764,MXL,AMR,female
19.181345,-7.2116857,-22.963697,0.31961653,0.47061762,-0.7173198,-0.5336466,0.7019757,-0.43881157,0.6474982,NA19770,MXL,AMR,female
18.67866,-20.041283,3.2312527,4.344939,8.522675,-0.6881981,0.9082859,2.3037407,0.24996194,0.9092253,NA19771,MXL,AMR,male
16.819994,-17.153254,5.6886206,1.9670496,1.751271,-1.1259801,0.21230817,0.2582124,1.4924384,0.4827554,NA19773,MXL,AMR,female
9.124625,-4.6547036,-23.192724,0.45008922,3.0286276,2.7321022,0.60211605,-4.664542,1.6787571,3.428279,NA19774,MXL,AMR,male
11.726623,-5.2471323,-12.145718,6.8304496,6.89503,-3.8290403,-1.00843,1.0658119,-0.59584343,3.3429458,NA19776,MXL,AMR,female
13.38397,-8.097166,-19.958244,3.8104267,0.88874394,2.6366873,-0.55682176,-0.094755635,1.649846,1.1256231,NA19777,MXL,AMR,male
20.986448,-10.295845,-16.332745,1.3421699,5.705496,0.14187707,-0.90946275,1.8011193,0.8709761,-0.5007262,NA19779,MXL,AMR,female
13.581642,-20.578629,6.435404,1.5710629,6.25078,-1.5221919,-2.8539217,3.5192726,1.6416606,-0.16766888,NA19780,MXL,AMR,male
23.124872,2.9868581,-35.273308,0.82851034,0.6747653,-0.26118815,0.16213655,-0.27117163,0.32172602,0.22759175,NA19782,MXL,AMR,female
24.526997,5.9363027,-42.405674,0.12719536,0.9843893,0.040108074,0.7662209,-0.8209687,-0.60299814,-0.14468552,NA19783,MXL,AMR,male
14.638262,-13.442346,-6.908711,4.387194,5.048667,1.1742754,3.5786085,-0.3457891,-0.44529584,1.7407573,NA19785,MXL,AMR,female
18.69457,-4.025818,-33.94499,5.226418,7.292493,2.7795615,-2.1491106,-1.6430227,-0.57198834,1.5982457,NA19786,MXL,AMR,male
23.664476,5.94894,-44.04424,-0.20275661,-0.97614866,-0.6627581,0.6116034,-0.10721438,-0.3407007,-0.35792923,NA19788,MXL,AMR,female
11.422484,-5.714935,-14.6499,1.1990348,0.22393286,3.6248329,1.1375332,1.5096282,2.6273592,0.82347614,NA19789,MXL,AMR,male
4.9536324,-21.929857,17.741322,3.7037766,4.111406,1.5181422,-6.2411876,0.4255599,-0.29366365,-1.3952461,NA19792,MXL,AMR,male
16.422901,-10.309206,-14.86913,2.2936368,0.5056494,0.9124624,1.4561664,-0.41606352,-2.7053833,1.8163481,NA19794,MXL,AMR,female
23.917313,-2.7868018,-31.083145,0.50363517,0.6486724,-0.8684252,-0.043976784,-0.29913712,-0.02834238,-1.5042897,NA19795,MXL,AMR,male
25.450893,9.016137,-56.040688,-0.66068643,-0.35189915,0.14895946,0.9821866,-0.86168176,-0.7411753,0.26019463,MXB_10544,MXB,MXB,female
23.633049,12.450341,-49.622288,-1.0176623,-0.32887706,0.37099713,0.5728554,-0.44925624,0.5637769,-0.28588685,MXB_10610,MXB,MXB,female
26.108715,11.870477,-53.88107,-0.6970599,-0.723836,0.17641307,0.3525926,-0.78933436,-0.34490815,-0.68141085,MXB_11339,MXB,MXB,male
25.104326,11.390337,-54.88487,-0.3168631,0.986235,0.5270112,1.4981848,-0.2783879,-0.8098387,-0.8803381,MXB_11619,MXB,MXB,female
24.397736,5.73635,-49.897255,0.21735615,0.51903135,0.2009341,0.3616656,-0.74767417,-0.62896734,-0.49148083,MXB_12529,MXB,MXB,male
27.73368,10.614476,-61.620556,-0.35782537,-0.59666246,-0.18751669,0.7932931,-0.49533716,-0.37367192,-0.058946088,MXB_13075,MXB,MXB,male
25.960175,9.358191,-49.355003,-0.35796875,0.6911583,0.0018944469,1.4276844,-1.1097939,-0.19118185,0.5075978,MXB_13175,MXB,MXB,female
25.431664,9.915788,-54.206413,-0.89646405,-0.3959927,0.43767595,0.84482634,-0.9655004,-0.90435714,0.5890348,MXB_15210,MXB,MXB,female
25.243988,11.320152,-56.23928,-0.9653912,1.221578,-0.34083745,2.3217523,-1.5201142,-0.5252793,0.04628808,MXB_15727,MXB,MXB,female
26.84532,13.182392,-59.318523,-2.0753636,-0.024557866,0.33121076,1.5834543,-0.7467296,-1.109343,0.68623996,MXB_15887,MXB,MXB,female
24.350311,6.0688033,-48.56018,-0.36632136,1.6821488,0.7997222,3.3061852,-0.5228245,-0.84977907,0.43410707,MXB_160,MXB,MXB,male
27.686407,8.435853,-58.46005,0.21091798,-0.18338774,0.8270434,1.1260237,-0.57675433,0.2513194,-0.625957,MXB_1655,MXB,MXB,male
25.713524,10.622507,-54.027885,-0.86614263,-1.0287846,0.61833835,1.6246492,-0.18806148,-0.6455023,0.37075725,MXB_19262,MXB,MXB,male
27.751108,12.491399,-63.713512,-1.1410999,-1.1716099,0.88749087,1.8783399,-1.9136411,-1.2362398,0.54212546,MXB_19369,MXB,MXB,female
25.752703,12.026265,-56.570374,-0.7702001,-1.3379258,-0.90598875,0.7698025,-1.0222698,-0.6655938,-0.6041474,MXB_20305,MXB,MXB,female
25.307878,6.817974,-51.28735,-0.072292976,0.0058722734,0.086386204,0.9139168,-0.94430757,-1.0689485,-0.07267512,MXB_20306,MXB,MXB,female
24.996132,9.183123,-56.47386,-0.5948509,0.5573403,-0.32420927,0.91560274,-1.0067425,-1.1521115,-0.24090214,MXB_22419,MXB,MXB,male
26.296497,10.73301,-58.78078,-0.33560714,-0.03773342,0.29706055,0.6631907,-1.1321554,-0.7153012,0.03137389,MXB_22998,MXB,MXB,female
26.740479,9.116127,-57.18613,-1.267045,-0.7229672,0.10992053,1.4447106,-1.6652796,-0.05581534,-0.33846974,MXB_23094,MXB,MXB,female
24.23612,11.4766865,-54.98549,-0.19336055,0.58007884,0.8221027,0.2905274,-0.74054235,0.31764546,-0.032161765,MXB_23097,MXB,MXB,male
26.37224,9.731842,-59.043095,-0.9767827,-1.0984998,-0.032998573,0.9561937,-1.8092831,-1.4399065,-0.4989315,MXB_24133,MXB,MXB,female
24.683908,7.1506367,-49.026344,-0.558848,0.13114044,0.50853926,-0.03016353,-0.25982544,-0.2851363,-0.71733844,MXB_24186,MXB,MXB,female
26.78592,11.002869,-58.0097,0.8167852,1.5663669,0.35206503,1.1555865,-0.71829724,-0.7214224,-0.48875788,MXB_24586,MXB,MXB,male
26.891962,9.794676,-56.478542,0.9575494,4.043942,1.1992837,0.79632276,-0.6573948,-0.27837572,-0.056535218,MXB_2641,MXB,MXB,female
25.836033,9.325732,-54.014202,0.59577084,0.688979,0.40390325,1.5224127,-1.0758417,-1.8438427,0.62764984,MXB_28337,MXB,MXB,male
26.889334,12.727843,-57.835884,-0.7676982,-0.95660144,0.5701801,0.6623618,-1.0523493,-0.13189855,-0.5370475,MXB_28339,MXB,MXB,female
25.882092,6.6615148,-55.793518,0.41156262,2.7615004,0.7007108,2.0780683,-0.606657,-2.096649,0.13066673,MXB_28344,MXB,MXB,female
26.573671,12.17725,-62.894592,-0.108128585,1.9066985,0.33380744,1.5879852,-0.9870028,-1.3814422,0.4810761,MXB_28452,MXB,MXB,female
26.124205,10.375649,-56.55688,-1.0409088,-1.2958108,-0.33902967,1.1834428,-1.1827004,-0.64071065,-0.103292555,MXB_28564,MXB,MXB,female
26.626059,9.389871,-61.273895,-0.4711631,-0.17544349,0.23008241,1.9524695,-1.91549,-1.312208,-0.035267938,MXB_29762,MXB,MXB,female
25.608953,9.951397,-57.455727,-0.089907594,0.60654163,0.04217978,1.2365927,-1.2860043,-0.3122145,-0.43248785,MXB_30112,MXB,MXB,female
24.732105,9.881125,-51.127552,-0.97743636,-1.0317514,0.5370796,-0.368415,-1.0277662,-0.64274555,0.13684244,MXB_32325,MXB,MXB,male
27.245724,12.551054,-59.906563,-0.18385804,0.8656741,0.8129636,1.181785,-1.1707253,-0.93358076,-0.017100925,MXB_33270,MXB,MXB,male
27.193981,13.101184,-57.6253,-0.45938736,-0.076076046,0.25968912,1.2266576,-1.5000153,-0.9334325,0.21191256,MXB_35177,MXB,MXB,male
23.813406,8.669981,-50.295067,-0.110853836,0.29374754,1.3028332,1.1429577,-0.89695156,-0.50645167,-0.13796134,MXB_35474,MXB,MXB,female
25.159925,9.53501,-53.311356,-0.6151801,-0.070946634,0.42853042,1.0473346,-0.79260707,-0.547556,0.08065395,MXB_35488,MXB,MXB,female
25.0339,8.8435135,-57.8267,-0.63241154,-0.3768242,1.117622,0.8759015,-2.1616967,-0.6888591,-0.57400906,MXB_3573,MXB,MXB,male
26.144762,10.53989,-56.486202,-0.96317863,-1.2280692,-0.32500136,-0.35049725,-1.1235691,-0.02591795,0.15411477,MXB_36131,MXB,MXB,female
26.661175,11.236276,-61.55981,-0.835465,-0.25097147,1.5267477,0.6303516,-1.541802,-1.2181312,-0.16031069,MXB_37448,MXB,MXB,female
26.631697,10.91391,-55.982883,-0.26935628,0.67167497,1.0347164,0.39416635,-0.36928326,-0.6438648,0.38450637,MXB_39462,MXB,MXB,female
25.496435,10.371132,-56.00459,-1.6492454,-1.6251535,0.57066274,0.98542833,-1.5052694,0.03450084,0.4372737,MXB_3990,MXB,MXB,female
25.398535,9.269223,-53.737934,-0.8529312,-0.510946,0.1493935,0.61846495,-0.741482,-0.72596455,-0.03862145,MXB_40340,MXB,MXB,female
16.52018,6.8124967,-46.746662,-0.68269855,0.20156656,2.291537,1.0960007,-0.48902336,-0.41338146,-0.3971045,MXB_40376,MXB,MXB,male
25.522547,11.48115,-56.301483,-0.5829679,-0.03163598,0.24525204,0.6929106,-1.2348707,-0.791279,-0.13438426,MXB_40870,MXB,MXB,female
26.909054,11.94224,-63.2308,-0.61891454,1.0634553,0.8535189,0.91539913,-0.24721359,-1.6442188,0.6949383,MXB_42639,MXB,MXB,female
25.392681,9.802883,-58.088226,-0.26427642,0.68222994,0.13803236,1.3632641,-0.17522688,-0.8699095,-0.18520623,MXB_42990,MXB,MXB,female
26.622896,12.051121,-57.61736,-0.5009088,-0.73643774,-0.38057292,0.7166984,-0.913621,0.14685848,0.031204315,MXB_42994,MXB,MXB,female
25.87831,8.102746,-56.719467,-0.23889309,0.28175405,0.4116685,1.3193212,-1.1496068,-0.632847,0.6531868,MXB_5576,MXB,MXB,female
27.216381,12.812102,-59.30377,-0.8283383,-0.6265582,0.49382704,0.53180563,-1.0475469,-0.49856597,-0.32902333,MXB_9395,MXB,MXB,female
26.400507,9.935379,-58.623928,-0.3607215,0.45084634,0.99398726,1.2444557,-0.51504064,-1.0518802,-0.26025227,MXB_9855,MXB,MXB,female
